D2,60,"Palm Beach",2010,6007808,"HAAGEN DAZS","3101 PGA BLVD, GARDENS MALL FC#L225","PALM BEACH GARDENS",33410,2502326,2,Food,"Routine - Food","Call Back - Complied",11/13/2015,,,0,0,0,0,Y,0,0,0,0,0,0,0,0,0,0,0,0,0,0,0,0,0,0,0,0,0,0,0,0,0,0,0,0,0,0,0,0,0,0,0,0,0,0,0,0,0,0,0,0,0,0,0,0,0,0,0,0,0,0,0,0,0,0,2987646,5732219
D2,60,"Palm Beach",2010,6007815,"BOCA GROVE TURNE","21351 WHITAKER DR","BOCA RATON",33433-7469,2499635,1,Food,"Routine - Food","Inspection Completed - No Further Action",09/30/2015,,,0,0,0,0,Y,0,0,0,0,0,0,0,0,0,0,0,0,0,0,0,0,0,0,0,0,0,0,0,0,0,0,0,0,0,0,0,0,0,0,0,0,0,0,0,0,0,0,0,0,0,0,0,0,0,0,0,0,0,0,0,0,0,0,2228180,5609032
D2,60,"Palm Beach",2010,6007815,"BOCA GROVE TURNE","21351 WHITAKER DR","BOCA RATON",33433-7469,2554200,1,Food,"Routine - Food","Inspection Completed - No Further Action",03/25/2016,,,4,2,0,2,Y,2,0,0,0,1,0,0,0,0,0,0,1,0,0,0,0,0,0,0,0,0,0,0,0,0,0,0,0,0,0,0,0,0,0,0,0,0,0,0,0,0,0,0,0,0,0,0,0,0,0,0,0,0,0,0,0,0,0,2228180,5747674
D2,60,"Palm Beach",2010,6007835,"NICKS TOMATOE PIE CONCOURSE B"," BLDG 1000 STE 124 PBIA","WEST PALM BEACH",33406,2501271,1,Food,"Routine - Food","Inspection Completed - No Further Action",04/11/2016,,,0,0,0,0,Y,0,0,0,0,0,0,0,0,0,0,0,0,0,0,0,0,0,0,0,0,0,0,0,0,0,0,0,0,0,0,0,0,0,0,0,0,0,0,0,0,0,0,0,0,0,0,0,0,0,0,0,0,0,0,0,0,0,0,2616519,5611616
D2,60,"Palm Beach",2010,6007839,"JASPER'S ON 18TH","6063 SW 18 ST #103","BOCA RATON",33433,2563371,2,Food,"Routine - Food","Call Back - Complied",05/03/2016,,,0,0,0,0,Y,0,0,0,0,0,0,0,0,0,0,0,0,0,0,0,0,0,0,0,0,0,0,0,0,0,0,0,0,0,0,0,0,0,0,0,0,0,0,0,0,0,0,0,0,0,0,0,0,0,0,0,0,0,0,0,0,0,0,6234146,5844361
D2,60,"Palm Beach",2010,6007839,"JASPER'S ON 18TH","6063 SW 18 ST #103","BOCA RATON",33433,2548335,1,Food,"Food-Licensing Inspection","Inspection Completed - No Further Action",11/16/2015,,,0,0,0,0,Y,0,0,0,0,0,0,0,0,0,0,0,0,0,0,0,0,0,0,0,0,0,0,0,0,0,0,0,0,0,0,0,0,0,0,0,0,0,0,0,0,0,0,0,0,0,0,0,0,0,0,1,0,0,0,0,0,0,0,6234146,5725687
D2,60,"Palm Beach",2010,6007839,"JASPER'S ON 18TH","6063 SW 18 ST #103","BOCA RATON",33433,2563371,1,Food,"Routine - Food","Warning Issued",03/04/2016,,,2,0,2,0,Y,0,0,0,0,0,0,0,0,0,0,0,0,0,0,0,0,0,0,0,0,0,0,0,0,0,0,0,0,0,0,0,0,0,0,0,0,0,0,0,0,0,0,0,0,0,0,0,0,0,0,0,0,2,0,0,0,0,0,6234146,5781634
D2,60,"Palm Beach",2010,6007873,"THE CHESTERFIELD PALM BEACH","363 COCOANUT ROW","PALM BEACH",33480,2577788,1,Food,"Routine - Food","Inspection Completed - No Further Action",06/09/2016,,,17,6,2,9,Y,1,2,1,0,0,0,0,1,0,1,0,2,0,0,0,0,0,0,0,0,1,0,3,1,1,0,0,0,1,0,1,0,0,0,1,0,0,0,0,0,0,0,0,0,0,0,0,0,0,0,0,0,0,0,0,0,0,0,6241343,5846660
D2,60,"Palm Beach",2010,6007873,"THE CHESTERFIELD PALM BEACH","363 COCOANUT ROW","PALM BEACH",33480,2551085,1,Food,"Routine - Food","Inspection Completed - No Further Action",03/08/2016,,,6,2,2,2,Y,0,0,1,0,0,0,0,1,0,0,0,0,0,1,0,0,0,0,0,0,0,1,0,0,0,0,0,0,0,0,1,0,0,0,0,0,0,0,0,0,0,0,0,0,0,0,0,0,0,0,0,0,1,0,0,0,0,0,6241343,5735980
D2,60,"Palm Beach",2010,6007895,"CARVEL 1260","2076 HAVERHILL RD N","WEST PALM BEACH",33417,2529073,1,Food,"Routine - Food","Inspection Completed - No Further Action",11/12/2015,,,15,1,6,8,Y,0,0,0,0,0,0,0,1,0,0,1,0,0,1,0,1,0,0,0,0,0,3,1,0,0,0,0,0,0,0,3,1,1,0,0,1,0,0,0,0,1,0,0,0,0,0,0,0,0,0,0,0,0,0,0,0,0,0,6084574,5653848
D2,60,"Palm Beach",2010,6007910,"CARVEL STORE #1225","5901 S DIXIE HWY","WEST PALM BEACH",33405,2580544,1,Food,"Food-Licensing Inspection","Inspection Completed - No Further Action",04/18/2016,,,1,0,0,1,Y,0,0,0,0,0,0,0,0,0,0,0,0,0,0,0,0,0,0,0,0,0,0,0,0,0,0,0,0,1,0,0,0,0,0,0,0,0,0,0,0,0,0,0,0,0,0,0,0,0,0,0,0,0,0,0,0,0,0,6409590,5867638
D2,60,"Palm Beach",2010,6007910,"CARVEL STORE #1225","5901 S DIXIE HWY","WEST PALM BEACH",33405-4030,2497257,1,Food,"Routine - Food","Inspection Completed - No Further Action",07/21/2015,,,1,0,1,0,Y,0,0,0,0,0,0,0,0,0,0,0,0,0,0,0,0,0,0,0,0,0,0,0,0,0,0,0,0,0,0,1,0,0,0,0,0,0,0,0,0,0,0,0,0,0,0,0,0,0,0,0,0,0,0,0,0,0,0,2228203,5604051
D2,60,"Palm Beach",2010,6007922,"NAPOLIS REST","4469 S CONGRESS AVE STE 110","LAKE WORTH",33461-4749,2499636,1,Food,"Routine - Food","Inspection Completed - No Further Action",12/29/2015,,,2,0,0,2,Y,0,0,0,0,0,0,0,0,0,0,0,0,0,0,0,0,0,0,0,0,0,0,2,0,0,0,0,0,0,0,0,0,0,0,0,0,0,0,0,0,0,0,0,0,0,0,0,0,0,0,0,0,0,0,0,0,0,0,2228205,5609033
D2,60,"Palm Beach",2010,6007922,"NAPOLIS REST","4469 S CONGRESS AVE STE 110","LAKE WORTH",33461-4749,2571351,1,Food,"Routine - Food","Inspection Completed - No Further Action",05/04/2016,,,6,1,0,5,Y,0,0,0,0,0,0,0,1,1,0,0,1,1,1,0,0,0,0,0,0,1,0,0,0,0,0,0,0,0,0,0,0,0,0,0,0,0,0,0,0,0,0,0,0,0,0,0,0,0,0,0,0,0,0,0,0,0,0,2228205,5808048
D2,60,"Palm Beach",2010,6007928,"MCDONALD'S #10802","6342 LANTANA RD","LAKE WORTH",33463,2542716,1,Food,"Food-Licensing Inspection","Inspection Completed - No Further Action",09/02/2015,,,11,1,1,9,Y,0,0,0,0,0,0,0,0,0,0,0,0,0,1,0,0,0,0,0,0,1,0,0,0,1,0,1,0,2,0,1,1,1,0,0,2,0,0,0,0,0,0,0,0,0,0,0,0,0,0,0,0,0,0,0,0,0,0,6212760,5705256
D2,60,"Palm Beach",2010,6007970,"ICE CREAM CLUB (THE)","278 W OCEAN BLVD",MANALAPAN,33462,2499637,1,Food,"Routine - Food","Warning Issued",12/04/2015,,,8,1,4,3,Y,0,0,0,0,1,0,0,0,0,0,0,1,0,0,0,2,0,0,0,0,2,0,0,0,0,0,0,0,0,0,0,0,0,0,0,0,0,0,0,0,1,0,0,0,0,0,0,0,0,0,0,0,1,0,0,0,0,0,2228216,5609035
D2,60,"Palm Beach",2010,6007970,"ICE CREAM CLUB (THE)","278 W OCEAN BLVD",MANALAPAN,33462,2499637,2,Food,"Routine - Food","Call Back - Complied",02/03/2016,,,0,0,0,0,Y,0,0,0,0,0,0,0,0,0,0,0,0,0,0,0,0,0,0,0,0,0,0,0,0,0,0,0,0,0,0,0,0,0,0,0,0,0,0,0,0,0,0,0,0,0,0,0,0,0,0,0,0,0,0,0,0,0,0,2228216,5792726
D2,60,"Palm Beach",2010,6007972,"THE FALLS CLUB OF THE PALM BEACHES","6455 JOG RD","LAKE WORTH",33467,2536170,1,Food,"Routine - Food","Inspection Completed - No Further Action",01/12/2016,,,0,0,0,0,Y,0,0,0,0,0,0,0,0,0,0,0,0,0,0,0,0,0,0,0,0,0,0,0,0,0,0,0,0,0,0,0,0,0,0,0,0,0,0,0,0,0,0,0,0,0,0,0,0,0,0,0,0,0,0,0,0,0,0,6181003,5682492
D2,60,"Palm Beach",2010,6007972,"THE FALLS CLUB OF THE PALM BEACHES","6455 JOG RD","LAKE WORTH",33467,2573125,1,Food,"Routine - Food","Inspection Completed - No Further Action",05/28/2016,,,4,1,0,3,Y,1,0,0,0,0,0,0,0,0,0,0,0,0,1,0,0,0,0,0,0,0,0,0,0,0,0,0,0,0,0,0,0,0,0,1,1,0,0,0,0,0,0,0,0,0,0,0,0,0,0,0,0,0,0,0,0,0,0,6181003,5815952
D2,60,"Palm Beach",2010,6007973,"THE FALLS CLUB OF THE PALM BEACHES","6455 JOG RD","LAKE WORTH",33467,2573127,1,Food,"Routine - Food","Inspection Completed - No Further Action",05/28/2016,,,7,1,2,4,Y,0,0,0,0,0,0,0,0,0,0,0,0,0,0,0,0,0,0,0,0,0,1,0,1,0,0,0,0,1,0,0,0,0,0,1,2,0,0,0,0,0,0,0,0,0,0,0,0,0,0,0,0,1,0,0,0,0,0,6180884,5815954
D2,60,"Palm Beach",2010,6007973,"THE FALLS CLUB OF THE PALM BEACHES","6455 JOG RD","LAKE WORTH",33467,2536175,1,Food,"Routine - Food","Inspection Completed - No Further Action",01/12/2016,,,5,0,0,5,Y,0,0,0,0,0,0,0,0,0,0,0,2,1,0,0,0,0,0,0,0,0,0,0,0,0,0,0,0,0,0,0,0,0,0,0,2,0,0,0,0,0,0,0,0,0,0,0,0,0,0,0,0,0,0,0,0,0,0,6180884,5682498
D2,60,"Palm Beach",2010,6007976,"ROCKYS DELRAY BEACH","20 SE 5 AVE","DELRAY BEACH",33483,2531851,4,Food,"Routine - Food","Call Back - Complied",05/13/2016,,,0,0,0,0,Y,0,0,0,0,0,0,0,0,0,0,0,0,0,0,0,0,0,0,0,0,0,0,0,0,0,0,0,0,0,0,0,0,0,0,0,0,0,0,0,0,0,0,0,0,0,0,0,0,0,0,0,0,0,0,0,0,0,0,5709212,5851261
D2,60,"Palm Beach",2010,6007976,"ROCKYS DELRAY BEACH","20 SE 5 AVE","DELRAY BEACH",33483,2577048,3,Food,"Routine - Food","Call Back - Complied",05/13/2016,,,0,0,0,0,Y,0,0,0,0,0,0,0,0,0,0,0,0,0,0,0,0,0,0,0,0,0,0,0,0,0,0,0,0,0,0,0,0,0,0,0,0,0,0,0,0,0,0,0,0,0,0,0,0,0,0,0,0,0,0,0,0,0,0,5709212,5851838
D2,60,"Palm Beach",2010,6007976,"ROCKYS DELRAY BEACH","20 SE 5 AVE","DELRAY BEACH",33483,2531851,1,Food,"Routine - Food","Emergency order recommended",02/26/2016,,,15,4,4,7,Y,0,0,0,0,0,1,0,1,0,1,0,1,1,0,0,0,0,0,0,0,0,0,1,0,0,0,1,0,0,0,1,0,0,0,3,2,0,0,0,0,0,0,0,0,0,0,0,0,0,0,0,0,2,0,0,0,0,0,5709212,5658228
D2,60,"Palm Beach",2010,6007976,"ROCKYS DELRAY BEACH","20 SE 5 AVE","DELRAY BEACH",33483,2531851,3,Food,"Routine - Food","Call Back - Extension given, pending",03/16/2016,,,4,0,2,2,Y,0,0,0,0,0,0,0,0,0,0,0,0,0,0,0,0,0,0,0,0,0,0,0,0,0,0,1,0,0,0,0,0,0,0,0,2,0,0,0,0,0,0,0,0,0,0,0,0,0,0,0,0,1,0,0,0,0,0,5709212,5840992
D2,60,"Palm Beach",2010,6007976,"ROCKYS DELRAY BEACH","20 SE 5 AVE","DELRAY BEACH",33483,2531851,2,Food,"Routine - Food","Emergency Order Callback Time Extension",02/27/2016,,,6,1,2,3,Y,0,0,0,0,0,0,0,0,0,0,0,0,0,0,0,0,0,0,0,0,0,0,1,0,0,0,1,0,0,0,0,0,0,0,1,2,0,0,0,0,0,0,0,0,0,0,0,0,0,0,0,0,1,0,0,0,0,0,5709212,5840772
D2,60,"Palm Beach",2010,6007976,"ROCKYS DELRAY BEACH","20 SE 5 AVE","DELRAY BEACH",33483,2577048,2,Food,"Routine - Food","Call Back - Extension given, pending",03/17/2016,,,7,0,4,3,Y,0,0,0,0,1,0,0,0,0,0,0,0,0,0,0,1,0,0,0,0,0,0,0,0,0,0,0,0,1,0,0,0,0,0,0,2,0,0,0,0,0,0,0,0,0,0,0,0,0,0,0,0,2,0,0,0,0,0,5709212,5851271
D2,60,"Palm Beach",2010,6007976,"ROCKYS DELRAY BEACH","20 SE 5 AVE","DELRAY BEACH",33483,2577048,1,Food,"Routine - Food","Warning Issued",03/16/2016,,,12,0,6,6,Y,0,1,0,0,1,0,0,0,0,0,0,1,0,1,0,1,0,0,0,0,0,0,0,0,0,0,0,0,1,0,0,0,0,0,1,2,0,0,0,0,0,0,0,0,0,0,0,0,0,0,0,0,3,0,0,0,0,0,5709212,5840830
D2,60,"Palm Beach",2010,6007977,"MCDONALD RESTAURANT #10881","1799 N CONCRESS AVE","BOYNTON BEACH",33426-8205,2511022,1,Food,"Routine - Food","Inspection Completed - No Further Action",04/27/2016,,,6,3,2,1,Y,0,0,2,0,0,0,0,1,0,0,0,1,0,0,0,0,0,0,0,0,1,0,0,0,0,0,0,0,0,0,1,0,0,0,0,0,0,0,0,0,0,0,0,0,0,0,0,0,0,0,0,0,0,0,0,0,0,0,4064307,5626679
D2,60,"Palm Beach",2010,6007994,"KENTUCKY FRIED CHICKEN","959 S MAIN ST","BELLE GLADE",33430-4905,2545559,1,Food,"Routine - Food","Warning Issued",05/13/2016,,,10,0,5,5,Y,0,0,0,0,0,0,0,1,0,0,0,0,0,0,0,0,0,0,0,0,0,1,0,0,0,0,2,0,0,0,1,0,1,0,1,2,0,0,0,0,0,0,0,0,0,0,0,0,0,0,0,0,1,0,0,0,0,0,2228224,5716086
D2,60,"Palm Beach",2010,6007994,"KENTUCKY FRIED CHICKEN","959 S MAIN ST","BELLE GLADE",33430-4905,2496837,1,Food,"Routine - Food","Warning Issued",08/19/2015,,,4,0,2,2,Y,0,0,0,0,0,0,0,0,0,0,0,0,0,1,0,0,0,0,0,0,0,0,0,0,0,0,0,0,0,0,1,0,0,0,0,0,0,0,0,0,0,0,0,0,0,0,0,0,0,0,1,0,1,0,0,0,0,0,2228224,5603235
D2,60,"Palm Beach",2010,6007994,"KENTUCKY FRIED CHICKEN","959 S MAIN ST","BELLE GLADE",33430-4905,2496837,3,Food,"Routine - Food","Call Back - Complied",11/13/2015,,,0,0,0,0,Y,0,0,0,0,0,0,0,0,0,0,0,0,0,0,0,0,0,0,0,0,0,0,0,0,0,0,0,0,0,0,0,0,0,0,0,0,0,0,0,0,0,0,0,0,0,0,0,0,0,0,0,0,0,0,0,0,0,0,2228224,5765733
D2,60,"Palm Beach",2010,6007994,"KENTUCKY FRIED CHICKEN","959 S MAIN ST","BELLE GLADE",33430-4905,2496837,2,Food,"Routine - Food","Call Back - Extension given, pending",10/23/2015,,,1,0,0,1,Y,0,0,0,0,0,0,0,0,0,0,0,0,0,1,0,0,0,0,0,0,0,0,0,0,0,0,0,0,0,0,0,0,0,0,0,0,0,0,0,0,0,0,0,0,0,0,0,0,0,0,0,0,0,0,0,0,0,0,2228224,5716016
D2,60,"Palm Beach",2010,6007995,"PEKING PLACE","531 S MAIN ST","BELLE GLADE",33430,2509274,1,Food,"Routine - Food","Inspection Completed - No Further Action",02/04/2016,,,5,1,1,3,Y,0,1,1,0,0,0,0,1,0,0,0,0,0,0,0,1,0,0,0,0,0,0,0,1,0,0,0,0,0,0,0,0,0,0,0,0,0,0,0,0,0,0,0,0,0,0,0,0,0,0,0,0,0,0,0,0,0,0,3935041,5624243
D2,60,"Palm Beach",2010,6007997,"CARVEL SHOP"," W SOUTHERN BLVD","WEST PALM BEACH",33470,2499675,1,Food,"Routine - Food","Inspection Completed - No Further Action",02/23/2016,,,0,0,0,0,Y,0,0,0,0,0,0,0,0,0,0,0,0,0,0,0,0,0,0,0,0,0,0,0,0,0,0,0,0,0,0,0,0,0,0,0,0,0,0,0,0,0,0,0,0,0,0,0,0,0,0,0,0,0,0,0,0,0,0,2228226,5609101
D2,60,"Palm Beach",2010,6008011,"JONAS RESTAURANT","2311 10 AVE","LAKE WORTH",33461,2520175,1,Food,"Routine - Food","Warning Issued",02/17/2016,,,28,4,5,19,Y,0,1,4,0,1,0,0,1,0,2,1,1,2,2,0,0,0,0,0,0,1,0,1,1,0,0,1,0,2,0,1,0,0,0,0,2,0,1,0,1,0,1,0,0,0,0,0,0,0,0,0,0,1,0,0,0,0,0,5490090,5640059
D2,60,"Palm Beach",2010,6008011,"JONAS RESTAURANT","2311 10 AVE","LAKE WORTH",33461,2576253,1,Food,"Routine - Food","Inspection Completed - No Further Action",06/23/2016,,,7,1,1,5,Y,0,0,0,0,0,1,0,1,0,0,0,0,0,1,0,0,0,0,0,0,0,0,1,0,0,0,0,0,0,0,1,0,0,0,0,2,0,0,0,0,0,0,0,0,0,0,0,0,0,0,0,0,0,0,0,0,0,0,5490090,5835440
D2,60,"Palm Beach",2010,6008011,"JONAS RESTAURANT","2311 10 AVE","LAKE WORTH",33461,2520175,2,Food,"Routine - Food","Call Back - Complied",04/21/2016,,,4,0,0,4,Y,0,0,0,0,0,0,0,0,0,0,0,0,0,1,0,0,0,0,0,0,0,0,0,0,0,0,0,0,0,0,0,0,0,0,0,2,0,1,0,0,0,0,0,0,0,0,0,0,0,0,0,0,0,0,0,0,0,0,5490090,5835365
D2,60,"Palm Beach",2010,6008014,"TOMBERG'S ROTISSERIE CHICKEN","14580 S MILITARY TRL","DELRAY BEACH",33484-3729,2493421,2,Food,"Routine - Food","Call Back - Extension given, pending",02/16/2016,,,3,0,1,2,Y,0,1,0,0,0,0,0,0,0,0,0,0,0,0,0,0,0,0,0,0,0,0,0,0,0,0,0,0,0,0,0,0,0,0,0,2,0,0,0,0,0,0,0,0,0,0,0,0,0,0,0,0,0,0,0,0,0,0,2228230,5797831
D2,60,"Palm Beach",2010,6008014,"TOMBERG'S ROTISSERIE CHICKEN","14580 S MILITARY TRL","DELRAY BEACH",33484-3729,2493421,3,Food,"Routine - Food","Call Back - Complied",03/11/2016,,,1,0,0,1,Y,0,0,0,0,0,0,0,0,0,0,0,0,0,0,0,0,0,0,0,0,0,0,0,0,0,0,0,0,0,0,0,0,0,0,0,1,0,0,0,0,0,0,0,0,0,0,0,0,0,0,0,0,0,0,0,0,0,0,2228230,5834136
D2,60,"Palm Beach",2010,6008014,"TOMBERG'S ROTISSERIE CHICKEN","14580 S MILITARY TRL","DELRAY BEACH",33484-3729,2568416,1,Food,"Routine - Food","Inspection Completed - No Further Action",06/09/2016,,,3,1,2,0,Y,0,0,2,0,0,0,0,0,0,0,0,0,0,0,0,0,0,0,0,0,0,0,0,0,0,0,1,0,0,0,0,0,0,0,0,0,0,0,0,0,0,0,0,0,0,0,0,0,0,0,0,0,0,0,0,0,0,0,2228230,5797893
D2,60,"Palm Beach",2010,6008014,"TOMBERG'S ROTISSERIE CHICKEN","14580 S MILITARY TRL","DELRAY BEACH",33484-3729,2493421,1,Food,"Routine - Food","Warning Issued",12/10/2015,,,11,2,6,3,Y,0,3,2,0,0,0,0,0,0,0,0,1,0,0,0,0,0,0,0,0,0,1,0,0,0,0,0,0,0,0,0,0,0,0,0,3,0,0,0,0,0,0,0,0,0,0,0,0,0,0,0,0,1,0,0,0,0,0,2228230,5596223
D2,60,"Palm Beach",2010,6008016,"BILL'S GYRO PLACE","1201 US 1 #20","NORTH PALM BEACH",33408,2563463,1,Food,"Complaint Full","Inspection Completed - No Further Action",11/18/2015,,,5,2,1,2,Y,0,2,0,0,0,0,0,0,0,0,0,0,0,1,0,0,0,0,0,0,0,1,0,0,0,0,0,0,0,0,0,0,0,0,0,0,0,0,0,0,1,0,0,0,0,0,0,0,0,0,0,0,0,0,0,0,0,0,6219664,5782392
D2,60,"Palm Beach",2010,6008016,GYROMANIA,"1201 US HWY 1 STUITE 20","NORTH PALM BEACH",33408,2515726,1,Food,"Routine - Food","Inspection Completed - No Further Action",07/09/2015,,,6,0,1,5,Y,0,0,0,0,0,0,0,1,0,0,0,0,0,1,0,0,0,0,0,0,0,2,0,0,0,0,0,0,0,0,0,1,0,0,0,1,0,0,0,0,0,0,0,0,0,0,0,0,0,0,0,0,0,0,0,0,0,0,4461811,5633547
D2,60,"Palm Beach",2010,6008017,"BICE RESTAURANT","313 1/2  WORTH AVE","PALM BEACH",33480,2574905,3,Food,"Routine - Food","Call Back - Complied",06/21/2016,,,0,0,0,0,Y,0,0,0,0,0,0,0,0,0,0,0,0,0,0,0,0,0,0,0,0,0,0,0,0,0,0,0,0,0,0,0,0,0,0,0,0,0,0,0,0,0,0,0,0,0,0,0,0,0,0,0,0,0,0,0,0,0,0,4438606,5900536
D2,60,"Palm Beach",2010,6008017,"BICE RESTAURANT","313 1/2  WORTH AVE","PALM BEACH",33480,2516125,3,Food,"Routine - Food","Call Back - Complied",04/01/2016,,,0,0,0,0,Y,0,0,0,0,0,0,0,0,0,0,0,0,0,0,0,0,0,0,0,0,0,0,0,0,0,0,0,0,0,0,0,0,0,0,0,0,0,0,0,0,0,0,0,0,0,0,0,0,0,0,0,0,0,0,0,0,0,0,4438606,5857417
D2,60,"Palm Beach",2010,6008017,"BICE RESTAURANT","313 1/2  WORTH AVE","PALM BEACH",33480,2516125,1,Food,"Routine - Food","Warning Issued",02/02/2016,,,23,8,9,6,Y,2,1,2,0,0,0,0,1,0,1,0,4,1,1,0,0,0,0,0,0,1,3,0,1,0,0,1,0,0,0,0,0,0,0,0,2,0,0,0,0,0,0,0,0,0,0,0,0,0,0,0,0,2,0,0,0,0,0,4438606,5634133
D2,60,"Palm Beach",2010,6008017,"BICE RESTAURANT","313 1/2  WORTH AVE","PALM BEACH",33480,2574905,1,Food,"Routine - Food","Warning Issued",06/09/2016,,,22,5,3,14,Y,0,0,1,0,0,0,0,1,0,1,0,2,0,1,0,1,0,0,0,0,2,2,0,0,1,0,1,0,2,0,2,0,0,0,0,4,0,0,0,0,1,0,0,0,0,0,0,0,0,0,0,0,0,0,0,0,0,0,4438606,5826859
D2,60,"Palm Beach",2010,6008017,"BICE RESTAURANT","313 1/2  WORTH AVE","PALM BEACH",33480,2574905,2,Food,"Routine - Food","Call Back - Extension given, pending",06/10/2016,,,10,3,0,7,Y,0,0,1,0,0,0,0,0,0,0,0,1,0,1,0,0,0,0,0,0,1,0,0,0,1,0,0,0,1,0,0,0,0,0,0,4,0,0,0,0,0,0,0,0,0,0,0,0,0,0,0,0,0,0,0,0,0,0,4438606,5899780
D2,60,"Palm Beach",2010,6008017,"BICE RESTAURANT","313 1/2  WORTH AVE","PALM BEACH",33480,2516125,2,Food,"Routine - Food","Call Back - Complied",02/04/2016,,,5,1,3,1,Y,0,0,1,0,0,0,0,0,0,0,0,0,0,1,0,0,0,0,0,0,0,0,0,1,0,0,0,0,0,0,0,0,0,0,0,0,0,0,0,0,0,0,0,0,0,0,0,0,0,0,0,0,2,0,0,0,0,0,4438606,5826800
D2,60,"Palm Beach",2010,6008021,"GREEN GARDEN CAFE","11911 US HWY 1 STE 103","NORTH PALM BEACH",33408,2574952,1,Food,"Food-Licensing Inspection","Inspection Completed - No Further Action",02/03/2016,,,3,1,2,0,Y,0,2,0,0,0,0,0,1,0,0,0,0,0,0,0,0,0,0,0,0,0,0,0,0,0,0,0,0,0,0,0,0,0,0,0,0,0,0,0,0,0,0,0,0,0,0,0,0,0,0,0,0,0,0,0,0,0,0,6349430,5826935
D2,60,"Palm Beach",2010,6008021,"NATURES WAY","11911 US HWY 1 STE 103","JUNO BEACH",33408,2502406,1,Food,"Routine - Food","Inspection Completed - No Further Action",07/06/2015,,,2,0,1,1,Y,0,0,0,0,0,0,0,0,0,0,0,0,0,0,0,0,0,0,0,0,0,0,0,0,1,0,1,0,0,0,0,0,0,0,0,0,0,0,0,0,0,0,0,0,0,0,0,0,0,0,0,0,0,0,0,0,0,0,3017980,5613652
D2,60,"Palm Beach",2010,6008022,"CHINA TOKYO","815 DONALD ROSS RD","JUNO BEACH",33408-1604,2497260,2,Food,"Routine - Food","Call Back - Complied",11/25/2015,,,0,0,0,0,Y,0,0,0,0,0,0,0,0,0,0,0,0,0,0,0,0,0,0,0,0,0,0,0,0,0,0,0,0,0,0,0,0,0,0,0,0,0,0,0,0,0,0,0,0,0,0,0,0,0,0,0,0,0,0,0,0,0,0,2228234,5743039
D2,60,"Palm Beach",2010,6008022,"CHINA TOKYO","815 DONALD ROSS RD","JUNO BEACH",33408-1604,2553034,1,Food,"Routine - Food","Inspection Completed - No Further Action",05/12/2016,,,7,1,1,5,Y,0,0,0,0,0,0,0,0,0,0,0,0,0,1,0,1,0,0,0,0,1,0,2,0,0,0,0,0,0,0,1,0,0,0,0,1,0,0,0,0,0,0,0,0,0,0,0,0,0,0,0,0,0,0,0,0,0,0,2228234,5743238
D2,60,"Palm Beach",2010,6008022,"CHINA TOKYO","815 DONALD ROSS RD","JUNO BEACH",33408-1604,2497260,1,Food,"Routine - Food","Warning Issued",09/24/2015,,,11,2,2,7,Y,0,2,0,0,0,0,0,1,0,1,0,0,0,2,0,0,0,0,0,0,1,1,1,0,0,0,0,0,0,0,1,0,0,0,0,1,0,0,0,0,0,0,0,0,0,0,0,0,0,0,0,0,0,0,0,0,0,0,2228234,5604056
D2,60,"Palm Beach",2010,6008034,"MAYACOO LAKES COUNTRY CLUB INC","9697 MAYACOO CLUB DR","WEST PALM BEACH",33411,2573076,1,Food,"Routine - Food","Inspection Completed - No Further Action",06/09/2016,,,3,2,1,0,Y,1,0,1,0,0,0,0,0,0,0,0,0,0,1,0,0,0,0,0,0,0,0,0,0,0,0,0,0,0,0,0,0,0,0,0,0,0,0,0,0,0,0,0,0,0,0,0,0,0,0,0,0,0,0,0,0,0,0,4117673,5815893
D2,60,"Palm Beach",2010,6008034,"MAYACOO LAKES COUNTRY CLUB INC","9697 MAYACOO CLUB DR","WEST PALM BEACH",33411,2511601,1,Food,"Routine - Food","Warning Issued",01/13/2016,,,8,4,1,3,Y,0,1,2,0,0,0,0,1,0,1,0,0,0,0,0,0,0,0,0,0,0,1,0,0,0,0,0,0,0,0,0,0,0,0,0,0,0,1,0,0,0,0,0,0,0,0,0,0,0,1,0,0,0,0,0,0,0,0,4117673,5627497
D2,60,"Palm Beach",2010,6008034,"MAYACOO LAKES COUNTRY CLUB INC","9697 MAYACOO CLUB DR","WEST PALM BEACH",33411,2511601,2,Food,"Routine - Food","Call Back - Complied",02/12/2016,,,0,0,0,0,Y,0,0,0,0,0,0,0,0,0,0,0,0,0,0,0,0,0,0,0,0,0,0,0,0,0,0,0,0,0,0,0,0,0,0,0,0,0,0,0,0,0,0,0,0,0,0,0,0,0,0,0,0,0,0,0,0,0,0,4117673,5815583
D2,60,"Palm Beach",2010,6008048,"CORNERSTONE CAFE","1515 S FEDERAL HWY STE B2","BOCA RATON",33432,2565670,1,Food,"Food-Licensing Inspection","Inspection Completed - No Further Action",12/02/2015,,,2,2,0,0,Y,0,0,2,0,0,0,0,0,0,0,0,0,0,0,0,0,0,0,0,0,0,0,0,0,0,0,0,0,0,0,0,0,0,0,0,0,0,0,0,0,0,0,0,0,0,0,0,0,0,0,0,0,0,0,0,0,0,0,6303091,5788749
D2,60,"Palm Beach",2010,6008048,"CORNERSTONE CAFE","1515 S FEDERAL HWY STE B2","BOCA RATON",33432,2566299,1,Food,"Routine - Food","Inspection Completed - No Further Action",05/04/2016,,,10,4,4,2,Y,0,2,3,0,0,0,0,0,1,0,0,2,1,0,0,0,0,0,0,0,0,0,0,0,0,0,0,0,0,0,0,0,0,0,0,0,0,0,0,0,1,0,0,0,0,0,0,0,0,0,0,0,0,0,0,0,0,0,6303091,5791311
D2,60,"Palm Beach",2010,6008053,"ANGELO'S CHICKEN & PIZZA","155 TONEY PENNA DR",JUPITER,33458-5746,2496839,1,Food,"Routine - Food","Warning Issued",12/28/2015,,,7,0,4,3,Y,0,0,1,0,0,0,0,1,0,1,0,0,0,0,0,0,0,0,0,0,0,1,0,0,0,0,0,0,0,0,0,0,0,0,0,1,0,0,0,0,1,0,0,0,0,0,0,0,0,0,0,0,1,0,0,0,0,0,2228245,5603237
D2,60,"Palm Beach",2010,6008053,"ANGELO'S CHICKEN & PIZZA","155 TONEY PENNA DR",JUPITER,33458-5746,2571118,1,Food,"Routine - Food","Warning Issued",06/03/2016,,,12,7,3,2,Y,1,0,4,0,1,0,0,1,1,0,0,1,1,0,0,0,0,0,0,0,0,0,0,0,0,0,0,0,0,0,1,0,0,0,0,0,0,0,0,0,0,0,0,0,0,0,0,0,0,0,0,0,1,0,0,0,0,0,2228245,5807093
D2,60,"Palm Beach",2010,6008053,"ANGELO'S CHICKEN & PIZZA","155 TONEY PENNA DR",JUPITER,33458-5746,2496839,2,Food,"Routine - Food","Call Back - Complied",03/01/2016,,,0,0,0,0,Y,0,0,0,0,0,0,0,0,0,0,0,0,0,0,0,0,0,0,0,0,0,0,0,0,0,0,0,0,0,0,0,0,0,0,0,0,0,0,0,0,0,0,0,0,0,0,0,0,0,0,0,0,0,0,0,0,0,0,2228245,5806849
D2,60,"Palm Beach",2010,6008053,"ANGELO'S CHICKEN & PIZZA","155 TONEY PENNA DR",JUPITER,33458-5746,2571118,2,Food,"Routine - Food","Call Back - Complied",06/04/2016,,,0,0,0,0,Y,0,0,0,0,0,0,0,0,0,0,0,0,0,0,0,0,0,0,0,0,0,0,0,0,0,0,0,0,0,0,0,0,0,0,0,0,0,0,0,0,0,0,0,0,0,0,0,0,0,0,0,0,0,0,0,0,0,0,2228245,5896444
D2,60,"Palm Beach",2010,6008060,"THE PAVILION GRILLE","301 YAMATO RD STE 1201","BOCA RATON",33431,2506926,1,Food,"Routine - Food","Warning Issued",11/18/2015,,,5,0,2,3,Y,0,0,0,0,0,0,0,0,0,0,0,0,0,2,0,0,0,0,0,0,0,1,1,0,0,0,0,0,0,0,0,0,0,0,0,0,0,0,0,0,0,0,0,0,0,0,0,0,0,0,0,0,1,0,0,0,0,0,3684309,5620868
D2,60,"Palm Beach",2010,6008060,"THE PAVILION GRILLE","301 YAMATO RD STE 1201","BOCA RATON",33431,2569069,2,Food,"Complaint Full","Call Back - Complied",02/16/2016,,,0,0,0,0,Y,0,0,0,0,0,0,0,0,0,0,0,0,0,0,0,0,0,0,0,0,0,0,0,0,0,0,0,0,0,0,0,0,0,0,0,0,0,0,0,0,0,0,0,0,0,0,0,0,0,0,0,0,0,0,0,0,0,0,3684309,5801258
D2,60,"Palm Beach",2010,6008060,"THE PAVILION GRILLE","301 YAMATO RD STE 1201","BOCA RATON",33431,2569069,1,Food,"Complaint Full","Warning Issued",12/16/2015,,,19,4,5,10,Y,1,1,1,0,0,0,0,2,0,0,1,0,0,1,0,1,0,0,0,0,0,0,1,1,0,0,0,0,1,0,2,1,0,0,1,2,0,0,0,0,1,0,0,0,0,0,0,0,0,0,0,0,1,0,0,0,0,0,3684309,5800066
D2,60,"Palm Beach",2010,6008060,"THE PAVILION GRILLE","301 YAMATO RD STE 1201","BOCA RATON",33431,2506926,2,Food,"Routine - Food","Call Back - Complied",02/16/2016,,,0,0,0,0,Y,0,0,0,0,0,0,0,0,0,0,0,0,0,0,0,0,0,0,0,0,0,0,0,0,0,0,0,0,0,0,0,0,0,0,0,0,0,0,0,0,0,0,0,0,0,0,0,0,0,0,0,0,0,0,0,0,0,0,3684309,5796695
D2,60,"Palm Beach",2010,6008062,"GULFSTREAM OCEAN GRILL","925 N OCEAN BLVD","DELRAY BEACH",33483-7225,2496840,1,Food,"Routine - Food","Inspection Completed - No Further Action",12/01/2015,,,4,1,1,2,Y,0,0,0,0,0,0,0,1,0,0,0,0,0,1,0,0,0,0,0,0,0,1,0,0,0,0,0,0,0,0,1,0,0,0,0,0,0,0,0,0,0,0,0,0,0,0,0,0,0,0,0,0,0,0,0,0,0,0,2228247,5603238
D2,60,"Palm Beach",2010,6008063,"GOLF COURSE BAR","4475 N OCEAN BLVD","DELRAY BEACH",33483-7508,2493397,1,Food,"Routine - Food","Inspection Completed - No Further Action",12/02/2015,,,4,0,2,2,Y,1,0,0,0,0,0,0,1,0,0,0,0,0,0,0,1,0,0,0,0,0,0,0,0,0,0,0,0,0,0,1,0,0,0,0,0,0,0,0,0,0,0,0,0,0,0,0,0,0,0,0,0,0,0,0,0,0,0,2228248,5596183
D2,60,"Palm Beach",2010,6008063,"GOLF COURSE BAR","4475 N OCEAN BLVD","DELRAY BEACH",33483-7508,2566382,1,Food,"Routine - Food","Inspection Completed - No Further Action",06/07/2016,,,2,0,2,0,Y,0,0,0,0,0,0,0,0,0,0,0,0,0,0,0,0,0,0,0,0,0,0,0,0,0,0,0,0,0,0,0,0,0,0,0,0,0,0,0,0,0,0,0,0,0,0,0,0,0,0,0,0,2,0,0,0,0,0,2228248,5792018
D2,60,"Palm Beach",2010,6008070,"COURTYARD MARRIOTT RESTAURANT","600 NORTH POINT PKWY","WEST PALM BEACH",33407-1946,2566747,1,Food,"Routine - Food","Inspection Completed - No Further Action",05/06/2016,,,6,2,3,1,Y,0,1,1,0,0,0,0,1,0,0,0,1,0,0,0,1,0,0,0,0,0,0,0,0,0,0,0,0,0,0,1,0,0,0,0,0,0,0,0,0,0,0,0,0,0,0,0,0,0,0,0,0,0,0,0,0,0,0,2228251,5792954
D2,60,"Palm Beach",2010,6008070,"COURTYARD MARRIOTT RESTAURANT","600 NORTH POINT PKWY","WEST PALM BEACH",33407-1946,2493398,1,Food,"Routine - Food","Inspection Completed - No Further Action",12/04/2015,,,8,1,4,3,Y,0,0,2,0,1,0,0,1,0,1,0,0,1,0,0,0,0,0,0,0,0,0,0,0,0,0,1,0,0,0,1,0,0,0,0,0,0,0,0,0,0,0,0,0,0,0,0,0,0,0,0,0,0,0,0,0,0,0,2228251,5596184
D2,60,"Palm Beach",2010,6008072,"SUNSPORT GARDENS","14125 NORTH RD",LOXAHATCHEE,33470,2500502,1,Food,"Routine - Food","Inspection Completed - No Further Action",02/29/2016,,,8,1,1,6,Y,0,2,0,0,0,0,0,2,0,0,0,0,0,1,0,0,0,0,0,0,0,0,2,0,0,0,0,0,0,0,0,0,0,0,0,1,0,0,0,0,0,0,0,0,0,0,0,0,0,0,0,0,0,0,0,0,0,0,2464808,5610452
D2,60,"Palm Beach",2010,6008072,"SUNSPORT GARDENS","14125 NORTH RD",LOXAHATCHEE,33470,2577274,1,Food,"Routine - Food","Inspection Completed - No Further Action",06/03/2016,,,4,2,0,2,Y,1,1,1,0,0,0,0,0,0,0,0,0,0,0,0,0,0,0,0,0,0,0,0,0,0,0,0,0,0,0,0,0,0,0,0,0,0,0,0,0,0,0,0,0,0,0,0,0,0,0,1,0,0,0,0,0,0,0,2464808,5842438
D2,60,"Palm Beach",2010,6008080,CHINATOWN,"3101 PGA BLVD #L217","PALM BEACH GARDENS",33410-2816,2552361,1,Food,"Routine - Food","Inspection Completed - No Further Action",05/03/2016,,,6,1,2,3,Y,0,0,0,0,0,0,0,1,0,0,0,1,0,0,0,0,0,0,0,0,0,0,1,0,1,0,0,0,0,0,1,0,0,0,0,0,0,0,0,0,1,0,0,0,0,0,0,0,0,0,0,0,0,0,0,0,0,0,2228253,5741258
D2,60,"Palm Beach",2010,6008080,CHINATOWN,"3101 PGA BLVD #L217","PALM BEACH GARDENS",33410-2816,2496841,1,Food,"Routine - Food","Inspection Completed - No Further Action",09/22/2015,,,8,1,2,5,Y,0,0,0,0,0,0,0,2,0,0,0,1,0,0,0,0,0,0,0,0,1,0,0,0,1,0,0,0,0,0,2,0,0,0,0,1,0,0,0,0,0,0,0,0,0,0,0,0,0,0,0,0,0,0,0,0,0,0,2228253,5603240
D2,60,"Palm Beach",2010,6008093,"MIRACLE COIN LAUNDRY","1892 ABBEY RD STE A","WEST PALM BEACH",33415,2564492,1,Food,"Routine - Food","Inspection Completed - No Further Action",03/30/2016,,,2,0,2,0,Y,0,0,1,0,0,0,0,0,0,0,0,0,0,0,0,0,0,0,0,0,0,0,0,0,0,0,0,0,0,0,1,0,0,0,0,0,0,0,0,0,0,0,0,0,0,0,0,0,0,0,0,0,0,0,0,0,0,0,3919331,5785252
D2,60,"Palm Beach",2010,6008093,"MIRACLE COIN LAUNDRY","1892 ABBEY RD STE A","WEST PALM BEACH",33415,2509310,2,Food,"Routine - Food","Call Back - Complied",11/21/2015,,,1,0,0,1,Y,0,0,0,0,0,0,0,0,0,0,0,0,0,0,0,0,0,0,0,0,0,0,0,0,0,0,0,0,0,0,0,0,1,0,0,0,0,0,0,0,0,0,0,0,0,0,0,0,0,0,0,0,0,0,0,0,0,0,3919331,5784976
D2,60,"Palm Beach",2010,6008093,"MIRACLE COIN LAUNDRY","1892 ABBEY RD STE A","WEST PALM BEACH",33415,2509310,1,Food,"Routine - Food","Warning Issued",11/20/2015,,,11,3,5,3,Y,1,0,1,0,1,0,0,1,0,0,0,0,0,0,0,1,0,0,0,0,0,1,0,0,0,0,1,0,0,0,1,0,1,0,0,0,0,0,0,0,0,0,0,0,0,0,0,0,0,0,0,0,2,0,0,0,0,0,3919331,5624298
D2,60,"Palm Beach",2010,6008105,"THE OLIVE GARDEN 1134","5801 LAKE WORTH RD","GREENACRES CITY",33463,2508935,1,Food,"Routine - Food","Inspection Completed - No Further Action",04/07/2016,,,4,0,2,2,Y,0,1,0,0,0,0,0,0,0,0,0,0,0,1,0,0,0,0,0,0,0,0,0,0,0,0,0,0,0,0,1,0,0,0,0,1,0,0,0,0,0,0,0,0,0,0,0,0,0,0,0,0,0,0,0,0,0,0,3885548,5623734
D2,60,"Palm Beach",2010,6008105,"THE OLIVE GARDEN 1134","5801 LAKE WORTH RD","GREENACRES CITY",33463,2570259,1,Food,"Complaint Full","Inspection Completed - No Further Action",12/22/2015,,,2,0,0,2,Y,0,0,0,0,0,0,0,0,0,0,0,0,0,0,0,0,0,0,0,0,0,0,0,0,0,0,0,0,0,0,1,0,0,0,0,0,0,0,0,0,0,0,0,0,0,0,0,0,0,0,1,0,0,0,0,0,0,0,3885548,5803974
D2,60,"Palm Beach",2010,6008108,"ORCHIDS GARDEN CHINESE REST","9045 LA FONTANA BLVD","BOCA RATON",33434-5633,2497263,1,Food,"Routine - Food","Inspection Completed - No Further Action",10/07/2015,,,10,2,1,7,Y,0,1,0,0,0,0,0,2,0,0,0,0,0,1,0,0,0,0,0,0,3,1,1,0,0,0,0,0,0,0,0,0,0,0,0,1,0,0,0,0,0,0,0,0,0,0,0,0,0,0,0,0,0,0,0,0,0,0,2228259,5604059
D2,60,"Palm Beach",2010,6008108,"ORCHIDS GARDEN CHINESE REST","9045 LA FONTANA BLVD","BOCA RATON",33434-5633,2555817,1,Food,"Routine - Food","Warning Issued",05/04/2016,,,5,1,2,2,Y,0,0,0,0,0,0,0,2,0,0,0,0,0,0,0,0,0,0,0,0,0,2,0,0,0,0,0,0,0,0,0,0,0,0,0,0,0,0,0,0,0,0,0,0,0,0,0,0,0,0,0,0,1,0,0,0,0,0,2228259,5754208
D2,60,"Palm Beach",2010,6008115,"FRENCHMAN'S CREEK INC","13495 TOURNAMENT DR","PALM BEACH GARDENS",33410,2500605,1,Food,"Routine - Food","Inspection Completed - No Further Action",08/24/2015,,,5,0,1,4,Y,0,1,0,0,0,0,0,1,0,0,0,0,0,0,0,0,0,0,0,0,0,1,0,0,1,0,0,0,0,0,0,0,0,0,0,1,0,0,0,0,0,0,0,0,0,0,0,0,0,0,0,0,0,0,0,0,0,0,2465751,5610613
D2,60,"Palm Beach",2010,6008115,"FRENCHMAN'S CREEK INC","13495 TOURNAMENT DR","PALM BEACH GARDENS",33410,2546493,1,Food,"Routine - Food","Inspection Completed - No Further Action",03/18/2016,,,3,0,0,3,Y,0,0,0,0,0,1,0,0,0,0,0,0,0,2,0,0,0,0,0,0,0,0,0,0,0,0,0,0,0,0,0,0,0,0,0,0,0,0,0,0,0,0,0,0,0,0,0,0,0,0,0,0,0,0,0,0,0,0,2465751,5719713
D2,60,"Palm Beach",2010,6008127,"ORANGE JULIUS","801 N CONGRESS AVE","BOYNTON BEACH",33426-3315,2493399,1,Food,"Routine - Food","Administrative complaint recommended",02/19/2016,,,3,1,2,0,Y,0,0,0,0,0,0,0,0,0,0,0,1,0,0,0,0,0,0,0,0,0,0,0,0,0,0,0,0,0,0,1,0,0,0,0,0,0,0,0,0,0,0,0,0,0,0,0,0,0,1,0,0,0,0,0,0,0,0,2228264,5596185
D2,60,"Palm Beach",2010,6008137,"ELL IDEAL","934 BELVEDERE RD","WEST PALM BEACH",33405-1112,2567113,1,Food,"Routine - Food","Inspection Completed - No Further Action",05/12/2016,,,0,0,0,0,Y,0,0,0,0,0,0,0,0,0,0,0,0,0,0,0,0,0,0,0,0,0,0,0,0,0,0,0,0,0,0,0,0,0,0,0,0,0,0,0,0,0,0,0,0,0,0,0,0,0,0,0,0,0,0,0,0,0,0,2228266,5793989
D2,60,"Palm Beach",2010,6008137,"ELL IDEAL","934 BELVEDERE RD","WEST PALM BEACH",33405-1112,2493400,1,Food,"Routine - Food","Warning Issued",12/07/2015,,,14,1,9,4,Y,0,0,1,0,1,0,0,0,0,0,0,0,0,2,0,1,0,0,0,0,0,1,0,0,0,0,1,0,1,0,3,1,0,0,0,0,0,0,0,0,1,0,0,0,0,0,0,0,0,0,0,0,1,0,0,0,0,0,2228266,5596186
D2,60,"Palm Beach",2010,6008137,"ELL IDEAL","934 BELVEDERE RD","WEST PALM BEACH",33405-1112,2493400,2,Food,"Routine - Food","Call Back - Extension given, pending",12/14/2015,,,3,0,1,2,Y,0,0,0,0,0,0,0,0,0,0,0,0,0,1,0,0,0,0,0,0,0,0,0,0,0,0,0,0,1,0,0,0,0,0,0,0,0,0,0,0,0,0,0,0,0,0,0,0,0,0,0,0,1,0,0,0,0,0,2228266,5793654
D2,60,"Palm Beach",2010,6008137,"ELL IDEAL","934 BELVEDERE RD","WEST PALM BEACH",33405-1112,2493400,3,Food,"Routine - Food","Call Back - Complied",03/23/2016,,,0,0,0,0,Y,0,0,0,0,0,0,0,0,0,0,0,0,0,0,0,0,0,0,0,0,0,0,0,0,0,0,0,0,0,0,0,0,0,0,0,0,0,0,0,0,0,0,0,0,0,0,0,0,0,0,0,0,0,0,0,0,0,0,2228266,5798660
D2,60,"Palm Beach",2010,6008139,"WESTCHESTER GOLF & COUNTRY CLB","12250 WESTCHESTER CLUB DR","BOYNTON BEACH",33437-4104,2438070,2,Food,"Routine - Food","Call Back - Complied",09/02/2015,,,0,0,0,0,Y,0,0,0,0,0,0,0,0,0,0,0,0,0,0,0,0,0,0,0,0,0,0,0,0,0,0,0,0,0,0,0,0,0,0,0,0,0,0,0,0,0,0,0,0,0,0,0,0,0,0,0,0,0,0,0,0,0,0,2228268,5560347
D2,60,"Palm Beach",2010,6008139,"WESTCHESTER GOLF & COUNTRY CLB","12250 WESTCHESTER CLUB DR","BOYNTON BEACH",33437-4104,2548597,1,Food,"Routine - Food","Inspection Completed - No Further Action",03/23/2016,,,10,5,1,4,Y,0,0,1,0,0,0,0,1,0,1,0,1,0,1,0,0,0,0,0,0,0,1,2,0,0,0,0,0,0,0,1,0,0,0,0,0,0,0,0,0,1,0,0,0,0,0,0,0,0,0,0,0,0,0,0,0,0,0,2228268,5727295
D2,60,"Palm Beach",2010,6008139,"WESTCHESTER GOLF & COUNTRY CLB","12250 WESTCHESTER CLUB DR","BOYNTON BEACH",33437-4104,2493424,1,Food,"Routine - Food","Inspection Completed - No Further Action",09/02/2015,,,8,3,4,1,Y,0,0,1,0,0,0,0,2,0,0,0,0,0,1,0,1,0,0,0,0,0,1,0,1,0,0,0,0,0,0,0,0,0,0,0,0,0,0,0,0,1,0,0,0,0,0,0,0,0,0,0,0,0,0,0,0,0,0,2228268,5596226
D2,60,"Palm Beach",2010,6008142,"CRYSTAL PLAZA ICE CREAM & YOGURT CLUB","1201 US HWY 1","NORTH PALM BEACH",33408,2505192,1,Food,"Routine - Food","Inspection Completed - No Further Action",01/22/2016,,,3,0,1,2,Y,0,0,0,0,0,0,0,0,0,0,0,0,1,0,0,0,0,0,0,0,0,0,0,0,0,0,0,0,0,0,1,0,0,0,0,0,0,0,0,0,0,1,0,0,0,0,0,0,0,0,0,0,0,0,0,0,0,0,3446240,5618300
D2,60,"Palm Beach",2010,6008157,"DIXIE BAR & GRILL","5101 S DIXIE HWY","WEST PALM BEACH",33405,2574180,1,Food,"Routine - Food","Warning Issued",05/09/2016,,,14,2,6,6,Y,0,1,1,0,1,0,0,1,0,0,0,0,0,1,0,1,0,0,0,0,1,0,0,0,0,0,0,0,0,0,2,0,0,0,2,0,0,0,0,0,1,0,0,0,0,0,0,0,0,0,1,0,1,0,0,0,0,0,3020488,5822772
D2,60,"Palm Beach",2010,6008157,"DIXIE BAR & GRILL","5101 S DIXIE HWY","WEST PALM BEACH",33405,2502399,2,Food,"Routine - Food","Call Back - Complied",01/26/2016,,,1,0,0,1,Y,0,0,0,0,0,0,0,0,0,0,0,0,0,0,0,0,0,0,0,0,1,0,0,0,0,0,0,0,0,0,0,0,0,0,0,0,0,0,0,0,0,0,0,0,0,0,0,0,0,0,0,0,0,0,0,0,0,0,3020488,5822241
D2,60,"Palm Beach",2010,6008157,"DIXIE BAR & GRILL","5101 S DIXIE HWY","WEST PALM BEACH",33405,2502399,1,Food,"Routine - Food","Warning Issued",01/25/2016,,,13,2,5,6,Y,0,0,0,0,0,0,0,3,0,0,0,1,1,0,0,1,0,0,0,0,1,0,0,0,0,0,1,0,0,0,4,0,0,0,0,0,0,0,0,0,1,0,0,0,0,0,0,0,0,0,0,0,0,0,0,0,0,0,3020488,5613629
D2,60,"Palm Beach",2010,6008208,"BROKEN SOUND COUNTRY CLUB REST","2401 WILLOW SPRINGS DR","BOCA RATON",33496-2812,2500044,1,Food,"Routine - Food","Inspection Completed - No Further Action",11/03/2015,,,5,1,2,2,Y,0,0,0,0,1,0,0,0,0,0,0,0,0,0,0,0,0,0,0,0,1,1,0,0,0,0,0,0,0,0,2,0,0,0,0,0,0,0,0,0,0,0,0,0,0,0,0,0,0,0,0,0,0,0,0,0,0,0,2228278,5609738
D2,60,"Palm Beach",2010,6008215,"DAIRY QUEEN","801 W CONGRESS AVE","BOYNTON BEACH",33426,2493425,1,Food,"Routine - Food","Inspection Completed - No Further Action",09/21/2015,,,5,2,3,0,Y,0,0,1,0,0,0,0,0,0,0,0,1,0,0,0,0,0,0,0,0,0,0,0,0,0,0,0,0,0,0,2,0,0,0,0,0,0,0,0,0,0,0,0,0,0,0,0,0,0,0,0,0,1,0,0,0,0,0,2228280,5596227
D2,60,"Palm Beach",2010,6008241,"ANGRY MOON CAFE","2401 PGA BLVD #194","PALM BEACH GARDENS",33410-3500,2544695,1,Food,"Routine - Food","Warning Issued",03/30/2016,,,5,2,0,3,Y,1,0,0,0,0,0,0,2,0,0,0,0,1,1,0,0,0,0,0,0,0,0,0,0,0,0,0,0,0,0,0,0,0,0,0,0,0,0,0,0,0,0,0,0,0,0,0,0,0,0,0,0,0,0,0,0,0,0,5644754,5712872
D2,60,"Palm Beach",2010,6008241,"ANGRY MOON CAFE","2401 PGA BLVD #194","PALM BEACH GARDENS",33410-3500,2544695,2,Food,"Routine - Food","Call Back - Complied",05/02/2016,,,0,0,0,0,Y,0,0,0,0,0,0,0,0,0,0,0,0,0,0,0,0,0,0,0,0,0,0,0,0,0,0,0,0,0,0,0,0,0,0,0,0,0,0,0,0,0,0,0,0,0,0,0,0,0,0,0,0,0,0,0,0,0,0,5644754,5859130
D2,60,"Palm Beach",2010,6008241,"ANGRY MOON CAFE","2401 PGA BLVD #194","PALM BEACH GARDENS",33410-3500,2523244,1,Food,"Routine - Food","Inspection Completed - No Further Action",08/14/2015,,,4,0,0,4,Y,0,0,0,0,0,0,0,1,0,0,0,0,0,0,0,0,0,0,0,0,0,0,0,0,2,0,0,0,1,0,0,0,0,0,0,0,0,0,0,0,0,0,0,0,0,0,0,0,0,0,0,0,0,0,0,0,0,0,5644754,5644578
D2,60,"Palm Beach",2010,6008242,KFC,"6700 W INDIANTOWN RD",JUPITER,33458,2528911,1,Food,"Routine - Food","Inspection Completed - No Further Action",07/23/2015,,,2,1,1,0,Y,0,0,0,0,0,0,0,0,0,0,0,0,0,0,0,0,0,0,0,0,0,0,0,0,0,0,0,0,1,0,1,0,0,0,0,0,0,0,0,0,0,0,0,0,0,0,0,0,0,0,0,0,0,0,0,0,0,0,5869487,5653591
D2,60,"Palm Beach",2010,6008242,KFC,"6700 W INDIANTOWN RD",JUPITER,33458,2539872,1,Food,"Routine - Food","Inspection Completed - No Further Action",04/28/2016,,,3,1,0,2,Y,0,0,0,0,0,0,0,0,0,0,0,0,0,0,0,0,0,0,0,0,0,0,0,0,1,0,0,0,2,0,0,0,0,0,0,0,0,0,0,0,0,0,0,0,0,0,0,0,0,0,0,0,0,0,0,0,0,0,5869487,5695217
D2,60,"Palm Beach",2010,6008254,"KALABASH RESTAURANT","2441 10 AVE N","LAKE WORTH",33461,2530068,1,Food,"Routine - Food","Inspection Completed - No Further Action",05/11/2016,,,2,0,1,1,Y,0,0,0,0,0,0,0,0,0,0,0,0,0,1,0,0,0,0,0,0,0,1,0,0,0,0,0,0,0,0,0,0,0,0,0,0,0,0,0,0,0,0,0,0,0,0,0,0,0,0,0,0,0,0,0,0,0,0,5995526,5655405
D2,60,"Palm Beach",2010,6008254,"KALABASH RESTAURANT","2441 10 AVE N","LAKE WORTH",33461,2464367,3,Food,"Routine - Food","Admin. Complaint Callback Not Complied",07/28/2015,,,1,0,1,0,Y,0,0,0,0,0,0,0,0,0,0,0,0,0,0,0,0,0,0,0,0,0,0,0,0,0,0,0,0,0,0,0,0,0,0,0,0,0,0,0,0,0,0,0,0,0,0,0,0,0,0,0,0,1,0,0,0,0,0,5995526,5696289
D2,60,"Palm Beach",2010,6008254,"KALABASH RESTAURANT","2441 10 AVE N","LAKE WORTH",33461,2540569,1,Food,"Routine - Food","Administrative complaint recommended",07/28/2015,,,7,1,3,3,Y,0,0,0,0,0,0,0,1,0,1,0,0,0,0,0,0,0,0,0,0,0,0,0,0,0,0,0,0,0,0,3,1,0,0,0,0,0,0,0,0,0,0,0,0,0,0,0,0,0,0,0,0,1,0,0,0,0,0,5995526,5697740
D2,60,"Palm Beach",2010,6008254,"KALABASH RESTAURANT","2441 10 AVE N","LAKE WORTH",33461,2540569,2,Food,"Routine - Food","Administrative Complaint Time Extension",10/22/2015,,,1,0,1,0,Y,0,0,0,0,0,0,0,0,0,0,0,0,0,0,0,0,0,0,0,0,0,0,0,0,0,0,0,0,0,0,0,0,0,0,0,0,0,0,0,0,0,0,0,0,0,0,0,0,0,0,0,0,1,0,0,0,0,0,5995526,5760221
D2,60,"Palm Beach",2010,6008254,"KALABASH RESTAURANT","2441 10 AVE N","LAKE WORTH",33461,2540569,3,Food,"Routine - Food","Admin. Complaint Callback Complied",11/20/2015,,,0,0,0,0,Y,0,0,0,0,0,0,0,0,0,0,0,0,0,0,0,0,0,0,0,0,0,0,0,0,0,0,0,0,0,0,0,0,0,0,0,0,0,0,0,0,0,0,0,0,0,0,0,0,0,0,0,0,0,0,0,0,0,0,5995526,5764719
D2,60,"Palm Beach",2010,6008259,"ABC MILL COOKHOUSE"," COOP SUGAR MILL","BELLE GLADE",33430,2496842,1,Food,"Routine - Food","Inspection Completed - No Further Action",12/08/2015,,,7,3,2,2,Y,0,0,1,0,1,0,0,1,0,0,0,1,0,0,0,0,0,0,0,0,0,0,0,0,0,0,0,0,2,0,1,0,0,0,0,0,0,0,0,0,0,0,0,0,0,0,0,0,0,0,0,0,0,0,0,0,0,0,2228291,5603241
D2,60,"Palm Beach",2010,6008259,"ABC MILL COOKHOUSE"," COOP SUGAR MILL","BELLE GLADE",33430,2567435,1,Food,"Routine - Food","Inspection Completed - No Further Action",05/10/2016,,,3,3,0,0,Y,0,0,0,0,0,0,0,0,0,0,0,2,0,0,0,0,0,0,0,0,0,0,0,0,0,0,0,0,1,0,0,0,0,0,0,0,0,0,0,0,0,0,0,0,0,0,1,0,0,0,0,0,0,0,0,0,0,0,2228291,5794983
D2,60,"Palm Beach",2010,6008267,"SILVER SAC CATERING","127 NW 13 ST","BOCA RATON",33432-1640,2493426,2,Food,"Routine - Food","Call Back - Complied",12/22/2015,,,0,0,0,0,Y,0,0,0,0,0,0,0,0,0,0,0,0,0,0,0,0,0,0,0,0,0,0,0,0,0,0,0,0,0,0,0,0,0,0,0,0,0,0,0,0,0,0,0,0,0,0,0,0,0,0,0,0,0,0,0,0,0,0,2228293,5797804
D2,60,"Palm Beach",2010,6008267,"SILVER SAC CATERING","127 NW 13 ST","BOCA RATON",33432-1640,2493426,1,Food,"Routine - Food","Warning Issued",12/11/2015,,,6,2,4,0,Y,0,0,1,0,0,0,0,1,0,0,0,0,0,1,0,0,0,0,0,0,0,0,0,0,0,0,0,0,0,0,1,0,0,0,0,0,0,0,0,0,0,0,0,0,0,0,0,0,0,0,0,0,2,0,0,0,0,0,2228293,5596228
D2,60,"Palm Beach",2010,6008267,"SILVER SAC CATERING","127 NW 13 ST","BOCA RATON",33432-1640,2568417,1,Food,"Routine - Food","Inspection Completed - No Further Action",05/04/2016,,,0,0,0,0,Y,0,0,0,0,0,0,0,0,0,0,0,0,0,0,0,0,0,0,0,0,0,0,0,0,0,0,0,0,0,0,0,0,0,0,0,0,0,0,0,0,0,0,0,0,0,0,0,0,0,0,0,0,0,0,0,0,0,0,2228293,5797894
D2,60,"Palm Beach",2010,6008278,"LA LUNA","5030 CHAMPION BLVD STE B5","BOCA RATON",33496,2546096,1,Food,"Routine - Food","Warning Issued",03/25/2016,,,17,3,2,12,Y,1,1,2,0,1,0,0,0,0,0,0,1,0,1,0,0,0,0,0,0,1,1,1,1,0,0,0,0,0,0,0,0,2,0,0,3,0,0,0,0,0,0,0,0,0,0,0,0,0,0,0,0,1,0,0,0,0,0,6198609,5717489
D2,60,"Palm Beach",2010,6008278,"LA LUNA","5030 CHAMPION BLVD STE B5","BOCA RATON",33496,2538900,1,Food,"Routine - Food","Inspection Completed - No Further Action",08/20/2015,,,9,1,3,5,Y,0,0,1,0,2,0,0,0,0,0,1,0,0,1,0,0,0,0,0,0,1,0,1,0,0,0,0,0,0,0,1,0,1,0,0,0,0,0,0,0,0,0,0,0,0,0,0,0,0,0,0,0,0,0,0,0,0,0,6198609,5691892
D2,60,"Palm Beach",2010,6008278,"LA LUNA","5030 CHAMPION BLVD STE B5","BOCA RATON",33496,2546096,2,Food,"Routine - Food","Call Back - Complied",05/31/2016,,,0,0,0,0,Y,0,0,0,0,0,0,0,0,0,0,0,0,0,0,0,0,0,0,0,0,0,0,0,0,0,0,0,0,0,0,0,0,0,0,0,0,0,0,0,0,0,0,0,0,0,0,0,0,0,0,0,0,0,0,0,0,0,0,6198609,5857208
D2,60,"Palm Beach",2010,6008281,"CHEZ JEAN PIERRE","132 N COUNTY RD","PALM BEACH",33480-3917,2500088,1,Food,"Routine - Food","Inspection Completed - No Further Action",03/09/2016,,,10,2,3,5,Y,0,1,1,0,0,0,0,1,0,2,0,1,0,1,0,2,0,0,0,0,0,0,0,0,0,0,0,0,0,0,1,0,0,0,0,0,0,0,0,0,0,0,0,0,0,0,0,0,0,0,0,0,0,0,0,0,0,0,2228297,5609812
D2,60,"Palm Beach",2010,6008282,"NEW YORK STYLE RESTAURANT & PIZZA","6438 LAKE WORTH RD","LAKE WORTH",33463,2578968,1,Food,"Complaint Full","Inspection Completed - No Further Action",03/25/2016,,,20,4,8,8,Y,1,1,6,0,0,0,0,2,1,0,0,1,0,3,0,0,0,0,0,0,1,0,1,0,1,0,0,0,0,0,0,0,0,0,0,0,0,0,0,0,1,0,0,0,0,0,0,0,0,0,1,0,0,0,0,0,0,0,6161092,5855959
D2,60,"Palm Beach",2010,6008282,"NEW YORK STYLE RESTAURANT & PIZZA","6438 LAKE WORTH RD","LAKE WORTH",33463,2541692,1,Food,"Complaint Full","Warning Issued",08/06/2015,,,18,4,10,4,Y,2,3,4,0,0,0,0,3,0,1,0,0,0,1,0,0,0,0,0,0,0,2,0,0,0,0,0,0,0,0,1,0,0,0,0,0,0,0,0,0,0,0,0,0,0,0,0,0,0,0,0,0,1,0,0,0,0,0,6161092,5701632
D2,60,"Palm Beach",2010,6008282,"NEW YORK STYLE RESTAURANT & PIZZA","6438 LAKE WORTH RD","LAKE WORTH",33463,2541692,2,Food,"Complaint Full","Call Back - Complied",08/14/2015,,,0,0,0,0,Y,0,0,0,0,0,0,0,0,0,0,0,0,0,0,0,0,0,0,0,0,0,0,0,0,0,0,0,0,0,0,0,0,0,0,0,0,0,0,0,0,0,0,0,0,0,0,0,0,0,0,0,0,0,0,0,0,0,0,6161092,5706131
D2,60,"Palm Beach",2010,6008287,"BUONASERA RESTAURANT","2145 S US 1",JUPITER,33477,2569470,1,Food,"Routine - Food","Inspection Completed - No Further Action",05/16/2016,,,5,2,1,2,Y,0,0,0,0,0,0,0,2,0,0,0,0,1,1,0,0,0,0,0,0,0,0,0,0,0,0,0,0,0,0,0,0,0,0,0,0,0,0,0,0,1,0,0,0,0,0,0,0,0,0,0,0,0,0,0,0,0,0,2228299,5801316
D2,60,"Palm Beach",2010,6008287,"BUONASERA RESTAURANT","2145 S US 1",JUPITER,33477,2493427,1,Food,"Routine - Food","Inspection Completed - No Further Action",12/16/2015,,,5,0,3,2,Y,1,1,1,0,1,0,0,0,0,1,0,0,0,0,0,0,0,0,0,0,0,0,0,0,0,0,0,0,0,0,0,0,0,0,0,0,0,0,0,0,0,0,0,0,0,0,0,0,0,0,0,0,0,0,0,0,0,0,2228299,5596229
D2,60,"Palm Beach",2010,6008294,"DOMINOS PIZZA","2562 W INDIANTOWN RD",JUPITER,33458,2519494,1,Food,"Routine - Food","Inspection Completed - No Further Action",03/18/2016,,,5,0,0,5,Y,0,0,0,0,0,0,0,1,0,0,0,1,0,0,0,0,0,0,0,0,0,0,0,0,1,0,0,0,0,0,1,0,0,0,1,0,0,0,0,0,0,0,0,0,0,0,0,0,0,0,0,0,0,0,0,0,0,0,5488974,5639092
D2,60,"Palm Beach",2010,6008294,"DOMINOS PIZZA","2562 W INDIANTOWN RD",JUPITER,33458,2423926,2,Food,"Routine - Food","Call Back - Complied",07/24/2015,,,0,0,0,0,Y,0,0,0,0,0,0,0,0,0,0,0,0,0,0,0,0,0,0,0,0,0,0,0,0,0,0,0,0,0,0,0,0,0,0,0,0,0,0,0,0,0,0,0,0,0,0,0,0,0,0,0,0,0,0,0,0,0,0,5488974,5560375
D2,60,"Palm Beach",2010,6008307,"LOXAHATCHEE CLUB INC (THE)","1350 ECHO DR",JUPITER,33458-7728,2500089,1,Food,"Routine - Food","Inspection Completed - No Further Action",12/04/2015,,,6,1,1,4,Y,0,1,0,0,0,0,0,1,1,0,0,1,0,0,0,0,0,0,0,0,0,0,0,1,0,0,0,0,0,0,1,0,0,0,0,0,0,0,0,0,0,0,0,0,0,0,0,0,0,0,0,0,0,0,0,0,0,0,2228302,5609813
D2,60,"Palm Beach",2010,6008319,"CLUB OF ADMIRALS COVE DR: HARBORVIEW RESTAURANT","200 ADMIRALS COVE DR",JUPITER,33477-4046,2574473,1,Food,"Routine - Food","Inspection Completed - No Further Action",05/07/2016,,,6,0,2,4,Y,0,0,0,0,0,1,0,0,0,0,0,0,0,1,0,0,0,0,0,0,0,1,0,0,0,0,0,0,0,0,2,0,0,0,0,0,0,0,0,0,0,0,0,0,0,0,0,0,0,0,1,0,0,0,0,0,0,0,2228306,5824268
D2,60,"Palm Beach",2010,6008319,"CLUB OF ADMIRALS COVE DR: HARBORVIEW RESTAURANT","200 ADMIRALS COVE DR",JUPITER,33477-4046,2500090,1,Food,"Routine - Food","Inspection Completed - No Further Action",01/28/2016,,,6,2,1,3,Y,1,0,1,0,1,0,0,0,0,0,0,0,0,1,0,0,0,0,0,0,0,0,0,0,0,0,0,0,0,0,1,0,0,0,0,1,0,0,0,0,0,0,0,0,0,0,0,0,0,0,0,0,0,0,0,0,0,0,2228306,5609814
D2,60,"Palm Beach",2010,6008320,"BAYSIDE GRILLE","200 ADMIRALS COVE BLVD",JUPITER,33477-4046,2574469,1,Food,"Routine - Food","Inspection Completed - No Further Action",05/07/2016,,,5,0,3,2,Y,0,0,1,0,0,0,0,0,0,0,0,0,0,1,0,0,0,0,0,0,0,2,0,0,0,0,0,0,0,0,1,0,0,0,0,0,0,0,0,0,0,0,0,0,0,0,0,0,0,0,0,0,0,0,0,0,0,0,2228307,5824262
D2,60,"Palm Beach",2010,6008320,"BAYSIDE GRILLE","200 ADMIRALS COVE BLVD",JUPITER,33477-4046,2496844,1,Food,"Routine - Food","Inspection Completed - No Further Action",01/28/2016,,,3,0,1,2,Y,0,1,0,0,1,0,0,0,0,0,0,0,0,1,0,0,0,0,0,0,0,0,0,0,0,0,0,0,0,0,0,0,0,0,0,0,0,0,0,0,0,0,0,0,0,0,0,0,0,0,0,0,0,0,0,0,0,0,2228307,5603243
D2,60,"Palm Beach",2010,6008326,"FRESH OF THE GRILL","1920 S FEDERAL HWY","BOYNTON BEACH",33435,2510520,1,Food,"Routine - Food","Warning Issued",07/01/2015,,,22,5,4,13,N,0,0,1,0,1,0,0,2,0,1,0,0,0,2,0,1,0,0,0,0,0,1,3,0,0,0,0,0,2,0,2,0,1,0,1,3,0,0,0,0,1,0,0,0,0,0,0,0,0,0,0,0,0,0,0,0,0,0,4035131,5626016
D2,60,"Palm Beach",2010,6008326,"FRESH OF THE GRILL","1920 S FEDERAL HWY","BOYNTON BEACH",33435,2551784,1,Food,"Complaint Full","Emergency order recommended",09/21/2015,,,22,6,3,13,Y,1,1,1,0,0,0,0,0,0,1,0,1,0,1,0,0,0,0,0,0,0,1,4,0,1,0,0,0,2,0,0,1,1,0,3,3,0,0,0,0,0,0,0,0,0,0,0,0,0,0,0,0,0,0,0,0,0,0,4035131,5738808
D2,60,"Palm Beach",2010,6008326,"FRESH OF THE GRILL","1920 S FEDERAL HWY","BOYNTON BEACH",33435,2510520,2,Food,"Routine - Food","Call Back - Complied",07/02/2015,,,0,0,0,0,N,0,0,0,0,0,0,0,0,0,0,0,0,0,0,0,0,0,0,0,0,0,0,0,0,0,0,0,0,0,0,0,0,0,0,0,0,0,0,0,0,0,0,0,0,0,0,0,0,0,0,0,0,0,0,0,0,0,0,4035131,5681055
D2,60,"Palm Beach",2010,6008326,"FRESH OF THE GRILL","1920 S FEDERAL HWY","BOYNTON BEACH",33435,2551784,3,Food,"Complaint Full","Admin. Complaint Callback Complied",11/20/2015,,,0,0,0,0,Y,0,0,0,0,0,0,0,0,0,0,0,0,0,0,0,0,0,0,0,0,0,0,0,0,0,0,0,0,0,0,0,0,0,0,0,0,0,0,0,0,0,0,0,0,0,0,0,0,0,0,0,0,0,0,0,0,0,0,4035131,5784831
D2,60,"Palm Beach",2010,6008326,"FRESH OF THE GRILL","1920 S FEDERAL HWY","BOYNTON BEACH",33435,2535731,1,Food,"Routine - Food","Inspection Completed - No Further Action",10/06/2015,,,6,1,3,2,Y,0,1,0,0,0,0,0,1,0,0,0,0,0,0,0,0,0,0,0,0,0,1,1,1,0,0,0,0,0,0,1,0,0,0,0,0,0,0,0,0,0,0,0,0,0,0,0,0,0,0,0,0,0,0,0,0,0,0,4035131,5681203
D2,60,"Palm Beach",2010,6008326,"FRESH OF THE GRILL","1920 S FEDERAL HWY","BOYNTON BEACH",33435,2551784,2,Food,"Complaint Full","Emergency Order Callback Complied",09/22/2015,,,1,0,0,1,Y,0,0,0,0,0,0,0,0,0,0,0,0,0,0,0,0,0,0,0,0,0,0,0,0,0,0,0,0,1,0,0,0,0,0,0,0,0,0,0,0,0,0,0,0,0,0,0,0,0,0,0,0,0,0,0,0,0,0,4035131,5739922
D2,60,"Palm Beach",2010,6008330,"DUFFY'S SPORTS GRILL","6864 FOREST HILL BLVD #A",GREENACRES,33413,2539320,1,Food,"Routine - Food","Inspection Completed - No Further Action",04/12/2016,,,11,3,1,7,Y,1,0,2,0,0,0,0,2,0,1,0,0,1,0,0,0,0,0,0,0,1,0,0,0,0,0,1,0,0,0,0,0,0,0,0,0,0,0,0,1,0,0,0,0,0,0,0,0,0,1,0,0,0,0,0,0,0,0,2228309,5693792
D2,60,"Palm Beach",2010,6008330,"DUFFY'S SPORTS GRILL","6864 FOREST HILL BLVD #A",GREENACRES,33413,2493430,1,Food,"Routine - Food","Inspection Completed - No Further Action",07/22/2015,,,6,1,1,4,Y,0,0,0,0,0,0,0,0,0,1,0,0,0,0,0,0,0,0,0,0,1,1,0,0,0,0,1,0,1,0,0,0,0,0,0,1,0,0,0,0,0,0,0,0,0,0,0,0,0,0,0,0,0,0,0,0,0,0,2228309,5596233
D2,60,"Palm Beach",2010,6008330,"DUFFY'S SPORTS GRILL","6864 FOREST HILL BLVD #A",GREENACRES,33413,2582076,1,Food,"Complaint Full","Warning Issued",05/10/2016,,,32,6,7,19,Y,2,0,2,0,1,0,0,2,0,1,0,4,0,2,0,1,0,0,0,0,1,2,1,1,1,0,0,0,0,0,2,0,0,0,1,4,0,0,0,1,1,0,0,0,0,0,0,0,0,1,0,0,1,0,0,0,0,0,2228309,5881673
D2,60,"Palm Beach",2010,6008330,"DUFFY'S SPORTS GRILL","6864 FOREST HILL BLVD #A",GREENACRES,33413,2582076,2,Food,"Complaint Full","Call Back - Complied",05/11/2016,,,2,0,1,1,Y,1,0,0,0,0,0,0,0,0,0,0,0,0,0,0,0,0,0,0,0,0,0,0,0,0,0,0,0,0,0,0,0,0,0,0,1,0,0,0,0,0,0,0,0,0,0,0,0,0,0,0,0,0,0,0,0,0,0,2228309,5882753
D2,60,"Palm Beach",2010,6008348,"KIKO JAPANESE RESTAURANT","6177 JOG RD STE D1-D4","LAKE WORTH",33467,2546718,1,Food,"Complaint Full","Administrative complaint recommended",08/28/2015,,,18,5,5,8,Y,1,0,2,0,0,0,0,2,1,1,0,0,0,2,0,0,0,0,0,0,0,0,2,1,0,0,0,0,1,0,3,0,0,0,0,0,0,0,0,0,0,0,0,0,0,0,0,0,0,0,0,1,1,0,0,0,0,0,5997855,5720133
D2,60,"Palm Beach",2010,6008348,"KIKO JAPANESE RESTAURANT","6177 JOG RD STE D1-D4","LAKE WORTH",33467,2467032,4,Food,"Routine - Food","Admin. Complaint Callback Complied",10/20/2015,,,0,0,0,0,Y,0,0,0,0,0,0,0,0,0,0,0,0,0,0,0,0,0,0,0,0,0,0,0,0,0,0,0,0,0,0,0,0,0,0,0,0,0,0,0,0,0,0,0,0,0,0,0,0,0,0,0,0,0,0,0,0,0,0,5997855,5755026
D2,60,"Palm Beach",2010,6008348,"KIKO JAPANESE RESTAURANT","6177 JOG RD STE D1-D4","LAKE WORTH",33467,2467032,2,Food,"Routine - Food","Call Back - Extension given, pending",07/22/2015,,,16,2,4,10,Y,1,1,2,0,0,0,0,1,0,2,0,1,0,3,0,0,0,0,0,0,0,0,3,0,1,0,0,0,0,0,0,0,0,0,0,0,0,0,0,0,0,0,0,0,0,0,0,0,0,0,0,0,1,0,0,0,0,0,5997855,5563576
D2,60,"Palm Beach",2010,6008348,"KIKO JAPANESE RESTAURANT","6177 JOG RD STE D1-D4","LAKE WORTH",33467,2467032,3,Food,"Routine - Food","Call Back - Admin. complaint recommended",08/06/2015,,,5,1,1,3,Y,0,0,1,0,0,0,0,0,0,0,0,0,0,1,0,0,0,0,0,0,0,0,2,0,0,0,0,0,0,0,0,0,0,0,0,0,0,0,0,0,0,0,0,0,0,0,0,0,0,0,0,0,1,0,0,0,0,0,5997855,5693772
D2,60,"Palm Beach",2010,6008348,"KIKO JAPANESE RESTAURANT","6177 JOG RD STE D1-D4","LAKE WORTH",33467,2535090,2,Food,"Routine - Food","Call Back - Admin. complaint recommended",05/16/2016,,,7,3,2,2,Y,1,0,1,0,0,0,0,0,0,0,0,0,0,1,0,1,0,0,0,0,0,0,0,0,0,0,0,0,0,0,0,0,0,0,2,0,0,0,0,0,0,0,0,0,0,0,0,0,0,0,0,0,1,0,0,0,0,0,5997855,5885338
D2,60,"Palm Beach",2010,6008348,"KIKO JAPANESE RESTAURANT","6177 JOG RD STE D1-D4","LAKE WORTH",33467,2535090,1,Food,"Routine - Food","Warning Issued",05/14/2016,,,22,5,8,9,Y,1,0,2,0,0,0,0,1,0,1,0,1,0,2,0,1,0,0,0,0,1,2,0,1,0,0,0,0,0,0,4,0,0,0,2,2,0,0,0,0,0,0,0,0,0,1,0,0,0,0,0,0,1,0,0,0,0,0,5997855,5678696
D2,60,"Palm Beach",2010,6008353,"BIG ALS STEAKS","450 E ATLANTIC AVE","DELRAY BEACH",33483,2543248,1,Food,"Routine - Food","Warning Issued",03/28/2016,,,6,2,2,2,Y,0,0,1,0,0,0,0,1,0,0,0,1,0,0,0,0,0,0,0,0,1,0,0,0,0,0,0,0,0,0,0,0,0,0,0,0,0,0,0,0,0,0,0,0,0,0,0,0,0,0,0,0,2,0,0,0,0,0,3576070,5707841
D2,60,"Palm Beach",2010,6008353,"BIG ALS STEAKS","450 E ATLANTIC AVE","DELRAY BEACH",33483,2543248,3,Food,"Routine - Food","Call Back - Extension given, pending",05/25/2016,,,1,0,1,0,Y,0,0,0,0,0,0,0,0,0,0,0,0,0,0,0,0,0,0,0,0,0,0,0,0,0,0,0,0,0,0,0,0,0,0,0,0,0,0,0,0,0,0,0,0,0,0,0,0,0,0,0,0,1,0,0,0,0,0,3576070,5875847
D2,60,"Palm Beach",2010,6008353,"BIG ALS STEAKS","450 E ATLANTIC AVE","DELRAY BEACH",33483,2543248,4,Food,"Routine - Food","Call Back - Complied",05/31/2016,,,0,0,0,0,Y,0,0,0,0,0,0,0,0,0,0,0,0,0,0,0,0,0,0,0,0,0,0,0,0,0,0,0,0,0,0,0,0,0,0,0,0,0,0,0,0,0,0,0,0,0,0,0,0,0,0,0,0,0,0,0,0,0,0,3576070,5891300
D2,60,"Palm Beach",2010,6008353,"BIG ALS STEAKS","450 E ATLANTIC AVE","DELRAY BEACH",33483,2505888,1,Food,"Routine - Food","Inspection Completed - No Further Action",08/07/2015,,,2,0,0,2,Y,0,0,0,0,0,0,0,0,0,1,0,0,0,1,0,0,0,0,0,0,0,0,0,0,0,0,0,0,0,0,0,0,0,0,0,0,0,0,0,0,0,0,0,0,0,0,0,0,0,0,0,0,0,0,0,0,0,0,3576070,5619370
D2,60,"Palm Beach",2010,6008353,"BIG ALS STEAKS","450 E ATLANTIC AVE","DELRAY BEACH",33483,2543248,2,Food,"Routine - Food","Call Back - Extension given, pending",04/27/2016,,,2,0,2,0,Y,0,0,0,0,0,0,0,0,0,0,0,0,0,0,0,0,0,0,0,0,0,0,0,0,0,0,0,0,0,0,0,0,0,0,0,0,0,0,0,0,0,0,0,0,0,0,0,0,0,0,0,0,2,0,0,0,0,0,3576070,5857471
D2,60,"Palm Beach",2010,6008355,"MCDONALD'S #11055","23073 SANDALFOOT PLAZA DR","BOCA RATON",33428,2552617,1,Food,"Food-Licensing Inspection","Inspection Completed - No Further Action",09/24/2015,,,4,1,0,3,Y,0,0,0,0,0,0,0,0,0,0,0,0,1,0,0,0,0,0,0,0,0,0,0,0,0,0,0,0,2,0,0,0,1,0,0,0,0,0,0,0,0,0,0,0,0,0,0,0,0,0,0,0,0,0,0,0,0,0,6249103,5741587
D2,60,"Palm Beach",2010,6008411,"SUITES OF BOCA RATON RESTAURANT & LOUNGE","701 NW 53 ST","BOCA RATON",33487,2570219,1,Food,"Routine - Food","Inspection Completed - No Further Action",05/31/2016,,,8,1,4,3,Y,0,0,1,0,0,0,0,0,0,1,0,0,0,1,0,0,0,0,0,0,0,0,0,1,0,0,0,0,0,0,4,0,0,0,0,0,0,0,0,0,0,0,0,0,0,0,0,0,0,0,0,0,0,0,0,0,0,0,6177994,5803549
D2,60,"Palm Beach",2010,6008411,"SUITES OF BOCA RATON RESTAURANT & LOUNGE","701 NW 53 ST","BOCA RATON",33487,2535256,2,Food,"Routine - Food","Call Back - Extension given, pending",12/21/2015,,,2,0,2,0,Y,0,0,0,0,0,0,0,0,0,0,0,0,0,0,0,0,0,0,0,0,0,0,0,0,0,0,1,0,0,0,0,0,0,0,0,0,0,0,0,0,0,0,0,0,0,0,0,0,0,0,0,0,1,0,0,0,0,0,6177994,5803301
D2,60,"Palm Beach",2010,6008411,"SUITES OF BOCA RATON RESTAURANT & LOUNGE","701 NW 53 ST","BOCA RATON",33487,2535256,3,Food,"Routine - Food","Call Back - Complied",03/21/2016,,,0,0,0,0,Y,0,0,0,0,0,0,0,0,0,0,0,0,0,0,0,0,0,0,0,0,0,0,0,0,0,0,0,0,0,0,0,0,0,0,0,0,0,0,0,0,0,0,0,0,0,0,0,0,0,0,0,0,0,0,0,0,0,0,6177994,5804343
D2,60,"Palm Beach",2010,6008411,"SUITES OF BOCA RATON RESTAURANT & LOUNGE","701 NW 53 ST","BOCA RATON",33487,2535256,1,Food,"Routine - Food","Warning Issued",12/18/2015,,,14,7,4,3,Y,1,0,1,0,0,0,0,1,1,0,0,2,0,0,0,0,0,0,0,0,1,0,0,0,0,0,1,0,0,0,2,0,0,0,1,2,0,0,0,0,0,0,0,0,0,0,0,0,0,0,0,0,1,0,0,0,0,0,6177994,5678913
D2,60,"Palm Beach",2010,6008413,SUBWAY,"2562 W INDIANTOWN RD",JUPITER,33458-3936,2500091,2,Food,"Routine - Food","Call Back - Complied",05/16/2016,,,1,1,0,0,Y,0,0,0,0,0,0,0,0,0,0,0,0,0,0,0,0,0,0,0,0,0,0,0,0,0,0,0,0,1,0,0,0,0,0,0,0,0,0,0,0,0,0,0,0,0,0,0,0,0,0,0,0,0,0,0,0,0,0,2228324,5851843
D2,60,"Palm Beach",2010,6008413,SUBWAY,"2562 W INDIANTOWN RD",JUPITER,33458-3936,2500091,1,Food,"Routine - Food","Warning Issued",03/17/2016,,,12,3,4,5,Y,1,0,0,0,0,0,0,0,1,0,1,2,2,0,0,0,0,0,0,0,0,0,0,0,0,0,1,0,3,0,0,0,0,0,0,0,0,0,0,0,0,0,0,0,0,0,0,0,0,0,0,0,1,0,0,0,0,0,2228324,5609815
D2,60,"Palm Beach",2010,6008419,"THE WANDERERS CLUB AT WELLINGTON","1900 AERO CLUB DR","VILLAGE OF WELLINGTO",33414,2502826,1,Food,"Routine - Food","Inspection Completed - No Further Action",12/04/2015,,,3,2,1,0,Y,1,1,0,0,0,0,0,0,0,0,0,0,0,0,0,0,0,0,0,0,0,0,0,0,0,0,0,0,1,0,0,0,0,0,0,0,0,0,0,0,0,0,0,0,0,0,0,0,0,0,0,0,0,0,0,0,0,0,3120680,5614394
D2,60,"Palm Beach",2010,6008423,"LE CLUB","4100 N OCEAN DR","RIVIERA BEACH",33404-2855,2568755,1,Food,"Routine - Food","Warning Issued",05/06/2016,,,8,1,4,3,Y,0,0,1,0,1,0,0,1,0,0,0,1,0,1,0,0,0,0,0,0,0,1,1,0,0,0,0,0,0,0,0,0,0,0,0,0,0,0,0,0,0,0,0,0,0,0,0,0,0,0,0,0,1,0,0,0,0,0,2228328,5799074
D2,60,"Palm Beach",2010,6008423,"LE CLUB","4100 N OCEAN DR","RIVIERA BEACH",33404-2855,2493431,1,Food,"Routine - Food","Inspection Completed - No Further Action",12/14/2015,,,9,2,0,7,Y,0,0,2,0,0,0,0,0,0,0,0,1,0,2,0,1,0,0,0,0,0,1,0,0,1,0,0,0,0,0,0,0,0,0,0,1,0,0,0,0,0,0,0,0,0,0,0,0,0,0,0,0,0,0,0,0,0,0,2228328,5596234
D2,60,"Palm Beach",2010,6008426,"JON SMITH SUBS","1371 N MILITARY TRL","WEST PALM BEACH",33409,2487770,1,Food,"Food-Licensing Inspection","Warning Issued",07/06/2015,,,12,4,1,7,Y,1,0,1,0,1,0,0,0,0,0,0,1,0,1,0,0,0,0,0,0,0,0,0,0,0,0,0,0,1,0,0,0,1,0,1,4,0,0,0,0,0,0,0,0,0,0,0,0,0,0,0,0,0,0,0,0,0,0,6174253,5581789
D2,60,"Palm Beach",2010,6008426,"JON SMITH SUBS","1371 N MILITARY TRL","WEST PALM BEACH",33409,2487770,2,Food,"Food-Licensing Inspection","Call Back - Admin. complaint recommended",07/07/2015,,,6,0,0,6,Y,0,0,0,0,0,0,0,0,0,0,0,0,0,1,0,0,0,0,0,0,0,0,0,0,0,0,0,0,0,0,0,0,0,0,1,4,0,0,0,0,0,0,0,0,0,0,0,0,0,0,0,0,0,0,0,0,0,0,6174253,5681002
D2,60,"Palm Beach",2010,6008426,"JON SMITH SUBS","1371 N MILITARY TRL","WEST PALM BEACH",33409,2565990,1,Food,"Food-Licensing Inspection","Inspection Completed - No Further Action",12/02/2015,,,3,0,0,3,Y,0,0,0,0,0,0,0,0,0,1,0,0,0,2,0,0,0,0,0,0,0,0,0,0,0,0,0,0,0,0,0,0,0,0,0,0,0,0,0,0,0,0,0,0,0,0,0,0,0,0,0,0,0,0,0,0,0,0,6174253,5790619
D2,60,"Palm Beach",2010,6008428,"YACHT & RACQUET CLUB OF BOCA RATON","2711 N OCEAN BLVD","BOCA RATON",33431-7199,2558670,2,Food,"Complaint Full","Call Back - Complied",10/29/2015,,,0,0,0,0,Y,0,0,0,0,0,0,0,0,0,0,0,0,0,0,0,0,0,0,0,0,0,0,0,0,0,0,0,0,0,0,0,0,0,0,0,0,0,0,0,0,0,0,0,0,0,0,0,0,0,0,0,0,0,0,0,0,0,0,2228330,5764907
D2,60,"Palm Beach",2010,6008428,"YACHT & RACQUET CLUB OF BOCA RATON","2711 N OCEAN BLVD","BOCA RATON",33431-7199,2558670,1,Food,"Complaint Full","Warning Issued",10/22/2015,,,4,2,2,0,Y,0,0,1,0,0,0,0,0,0,0,0,0,0,1,0,1,0,0,0,0,0,0,0,0,0,0,0,0,0,0,0,0,0,0,0,0,0,0,0,0,1,0,0,0,0,0,0,0,0,0,0,0,0,0,0,0,0,0,2228330,5764759
D2,60,"Palm Beach",2010,6008428,"YACHT & RACQUET CLUB OF BOCA RATON","2711 N OCEAN BLVD","BOCA RATON",33431-7199,2575604,1,Food,"Complaint Full","Inspection Completed - No Further Action",02/11/2016,,,6,2,1,3,Y,0,0,1,0,0,0,0,0,0,0,0,0,0,0,0,0,0,0,0,0,1,0,1,0,1,0,0,0,1,0,0,0,0,0,0,0,0,0,0,0,0,0,0,0,0,0,0,0,0,0,0,0,1,0,0,0,0,0,2228330,5831111
D2,60,"Palm Beach",2010,6008429,"SUBWAY 5719","9804 S MILITARY TRL","BOYNTON BEACH",33436-3208,2573334,1,Food,"Routine - Food","Warning Issued",03/11/2016,,,6,2,2,2,Y,0,0,1,0,0,0,0,1,0,0,0,1,0,0,0,1,0,0,0,0,0,0,0,0,0,0,0,0,0,0,1,0,0,0,1,0,0,0,0,0,0,0,0,0,0,0,0,0,0,0,0,0,0,0,0,0,0,0,2228331,5817374
D2,60,"Palm Beach",2010,6008429,"SUBWAY 5719","9804 S MILITARY TRL","BOYNTON BEACH",33436-3208,2500092,3,Food,"Routine - Food","Admin. Complaint Callback Complied",03/11/2016,,,0,0,0,0,Y,0,0,0,0,0,0,0,0,0,0,0,0,0,0,0,0,0,0,0,0,0,0,0,0,0,0,0,0,0,0,0,0,0,0,0,0,0,0,0,0,0,0,0,0,0,0,0,0,0,0,0,0,0,0,0,0,0,0,2228331,5841427
D2,60,"Palm Beach",2010,6008429,"SUBWAY 5719","9804 S MILITARY TRL","BOYNTON BEACH",33436-3208,2500092,1,Food,"Routine - Food","Emergency order recommended",01/14/2016,,,5,2,0,3,Y,0,0,0,0,0,0,0,1,0,0,0,0,0,0,0,0,0,0,0,0,0,1,0,0,0,0,0,0,0,0,0,0,0,0,2,0,0,0,0,0,0,0,0,0,0,0,0,0,0,0,1,0,0,0,0,0,0,0,2228331,5609816
D2,60,"Palm Beach",2010,6008429,"SUBWAY 5719","9804 S MILITARY TRL","BOYNTON BEACH",33436-3208,2500092,2,Food,"Routine - Food","Emergency Order Callback Complied",01/15/2016,,,0,0,0,0,Y,0,0,0,0,0,0,0,0,0,0,0,0,0,0,0,0,0,0,0,0,0,0,0,0,0,0,0,0,0,0,0,0,0,0,0,0,0,0,0,0,0,0,0,0,0,0,0,0,0,0,0,0,0,0,0,0,0,0,2228331,5816321
D2,60,"Palm Beach",2010,6008429,"SUBWAY 5719","9804 S MILITARY TRL","BOYNTON BEACH",33436-3208,2573334,2,Food,"Routine - Food","Call Back - Complied",03/15/2016,,,0,0,0,0,Y,0,0,0,0,0,0,0,0,0,0,0,0,0,0,0,0,0,0,0,0,0,0,0,0,0,0,0,0,0,0,0,0,0,0,0,0,0,0,0,0,0,0,0,0,0,0,0,0,0,0,0,0,0,0,0,0,0,0,2228331,5848686
D2,60,"Palm Beach",2010,6008432,"EARL OF SANDWICH","6000 W GLADES RD #1174A","BOCA RATON",33431,2515609,1,Food,"Routine - Food","Inspection Completed - No Further Action",03/30/2016,,,2,1,1,0,Y,0,0,0,0,0,0,0,0,0,0,0,1,0,0,0,0,0,0,0,0,0,0,0,0,0,0,0,0,0,0,1,0,0,0,0,0,0,0,0,0,0,0,0,0,0,0,0,0,0,0,0,0,0,0,0,0,0,0,4469858,5633365
D2,60,"Palm Beach",2010,6008513,"PARK PLACE CAFE","621 NW 53 ST STE 130","BOCA RATON",33487,2539797,1,Food,"Routine - Food","Warning Issued",03/30/2016,,,8,3,1,4,Y,0,0,1,0,0,1,0,0,0,0,0,3,1,0,0,0,0,0,0,0,0,0,0,0,0,0,0,0,0,0,1,0,0,0,0,0,0,0,0,0,0,0,0,0,0,0,0,0,0,0,0,0,1,0,0,0,0,0,5258201,5695129
D2,60,"Palm Beach",2010,6008513,"PARK PLACE CAFE","621 NW 53 ST STE 130","BOCA RATON",33487,2517562,1,Food,"Routine - Food","Inspection Completed - No Further Action",07/23/2015,,,2,1,1,0,Y,0,1,0,0,0,0,0,1,0,0,0,0,0,0,0,0,0,0,0,0,0,0,0,0,0,0,0,0,0,0,0,0,0,0,0,0,0,0,0,0,0,0,0,0,0,0,0,0,0,0,0,0,0,0,0,0,0,0,5258201,5636234
D2,60,"Palm Beach",2010,6008513,"PARK PLACE CAFE","621 NW 53 ST STE 130","BOCA RATON",33487,2539797,2,Food,"Routine - Food","Call Back - Complied",05/03/2016,,,0,0,0,0,Y,0,0,0,0,0,0,0,0,0,0,0,0,0,0,0,0,0,0,0,0,0,0,0,0,0,0,0,0,0,0,0,0,0,0,0,0,0,0,0,0,0,0,0,0,0,0,0,0,0,0,0,0,0,0,0,0,0,0,5258201,5858878
D2,60,"Palm Beach",2010,6008565,"PALM BEACH CAFE","206 S OLIVE AVE","WEST PALM BEACH",33401,2514557,1,Food,"Routine - Food","Inspection Completed - No Further Action",08/31/2015,,,8,2,2,4,Y,0,0,1,0,0,0,0,0,0,1,0,0,1,0,0,1,0,0,0,0,0,2,0,0,0,0,0,0,1,0,1,0,0,0,0,0,0,0,0,0,0,0,0,0,0,0,0,0,0,0,0,0,0,0,0,0,0,0,4266085,5631774
D2,60,"Palm Beach",2010,6008565,"PALM BEACH CAFE","206 S OLIVE AVE","WEST PALM BEACH",33401,2574127,1,Food,"Complaint Full","Warning Issued",01/27/2016,,,13,1,5,7,Y,0,0,1,0,1,0,0,0,0,0,0,0,0,1,0,0,0,0,0,0,0,0,1,0,0,0,0,0,1,0,3,1,0,0,0,0,0,1,0,1,0,0,0,0,0,0,0,0,0,0,0,0,2,0,0,0,0,0,4266085,5822528
D2,60,"Palm Beach",2010,6008565,"PALM BEACH CAFE","206 S OLIVE AVE","WEST PALM BEACH",33401,2574127,2,Food,"Complaint Full","Call Back - Extension given, pending",02/04/2016,,,4,0,2,2,Y,0,0,0,0,0,0,0,0,0,0,0,0,0,0,0,0,0,0,0,0,0,0,0,0,0,0,0,0,1,0,0,0,0,0,0,0,0,1,0,0,0,0,0,0,0,0,0,0,0,0,0,0,2,0,0,0,0,0,4266085,5823215
D2,60,"Palm Beach",2010,6008584,SUBWAY,"2520 PGA BLVD","PALM BEACH GARDENS",33410,2533433,2,Food,"Routine - Food","Call Back - Extension given, pending",07/24/2015,,,1,0,1,0,Y,0,0,0,0,0,0,0,0,0,0,0,0,0,0,0,0,0,0,0,0,0,0,0,0,0,0,1,0,0,0,0,0,0,0,0,0,0,0,0,0,0,0,0,0,0,0,0,0,0,0,0,0,0,0,0,0,0,0,6085976,5694562
D2,60,"Palm Beach",2010,6008584,SUBWAY,"2520 PGA BLVD","PALM BEACH GARDENS",33410,2533433,3,Food,"Routine - Food","Call Back - Complied",07/25/2015,,,0,0,0,0,Y,0,0,0,0,0,0,0,0,0,0,0,0,0,0,0,0,0,0,0,0,0,0,0,0,0,0,0,0,0,0,0,0,0,0,0,0,0,0,0,0,0,0,0,0,0,0,0,0,0,0,0,0,0,0,0,0,0,0,6085976,5695668
D2,60,"Palm Beach",2010,6008584,SUBWAY,"2520 PGA BLVD","PALM BEACH GARDENS",33410,2583922,1,Food,"Routine - Food","Inspection Completed - No Further Action",06/07/2016,,,6,0,3,3,Y,0,0,0,0,0,0,0,0,0,0,0,0,0,0,0,0,0,0,0,0,0,0,0,0,0,0,0,0,0,0,2,1,0,0,0,2,0,0,0,0,1,0,0,0,0,0,0,0,0,0,0,0,0,0,0,0,0,0,6085976,5897694
D2,60,"Palm Beach",2010,6008584,SUBWAY,"2520 PGA BLVD","PALM BEACH GARDENS",33410,2533433,1,Food,"Routine - Food","Warning Issued",07/23/2015,,,3,0,3,0,Y,0,0,0,0,0,0,0,0,0,0,0,0,0,0,0,0,0,0,0,0,0,0,0,0,0,0,1,0,0,0,2,0,0,0,0,0,0,0,0,0,0,0,0,0,0,0,0,0,0,0,0,0,0,0,0,0,0,0,6085976,5660703
D2,60,"Palm Beach",2010,6008591,"TOOJAY'S ORIGINAL GOURMET DELI","5030 CHAMPION BLVD","BOCA RATON",33496,2527725,1,Food,"Routine - Food","Warning Issued",08/19/2015,,,12,2,6,4,Y,0,1,1,0,1,0,0,1,0,0,1,0,0,1,0,0,0,0,0,0,0,1,1,0,0,0,0,0,0,0,2,0,0,0,0,0,0,0,0,0,0,0,0,0,0,0,0,0,0,0,0,0,2,0,0,0,0,0,5744043,5651639
D2,60,"Palm Beach",2010,6008591,"TOOJAY'S ORIGINAL GOURMET DELI","5030 CHAMPION BLVD","BOCA RATON",33496,2545751,1,Food,"Routine - Food","Inspection Completed - No Further Action",05/12/2016,,,2,0,1,1,Y,0,0,0,0,0,0,0,0,0,0,0,0,0,0,0,0,0,0,0,0,0,1,1,0,0,0,0,0,0,0,0,0,0,0,0,0,0,0,0,0,0,0,0,0,0,0,0,0,0,0,0,0,0,0,0,0,0,0,5744043,5716306
D2,60,"Palm Beach",2010,6008591,"TOOJAY'S ORIGINAL GOURMET DELI","5030 CHAMPION BLVD","BOCA RATON",33496,2527725,2,Food,"Routine - Food","Call Back - Admin. complaint recommended",10/20/2015,,,2,0,2,0,Y,0,0,0,0,0,0,0,0,0,0,0,0,0,0,0,0,0,0,0,0,0,0,0,0,0,0,0,0,0,0,1,0,0,0,0,0,0,0,0,0,0,0,0,0,0,0,0,0,0,0,0,0,1,0,0,0,0,0,5744043,5715814
D2,60,"Palm Beach",2010,6008591,"TOOJAY'S ORIGINAL GOURMET DELI","5030 CHAMPION BLVD","BOCA RATON",33496,2527725,3,Food,"Routine - Food","Call Back - Complied",01/13/2016,,,0,0,0,0,Y,0,0,0,0,0,0,0,0,0,0,0,0,0,0,0,0,0,0,0,0,0,0,0,0,0,0,0,0,0,0,0,0,0,0,0,0,0,0,0,0,0,0,0,0,0,0,0,0,0,0,0,0,0,0,0,0,0,0,5744043,5813809
D2,60,"Palm Beach",2010,6008604,"TOMATOES PIZZERIA & REST","5815 LAKE WORTH RD",GREENACRES,33463-3209,2493432,2,Food,"Routine - Food","Call Back - Extension given, pending",07/28/2015,,,1,0,0,1,Y,0,0,0,0,0,0,0,0,0,0,0,0,0,1,0,0,0,0,0,0,0,0,0,0,0,0,0,0,0,0,0,0,0,0,0,0,0,0,0,0,0,0,0,0,0,0,0,0,0,0,0,0,0,0,0,0,0,0,2228349,5696479
D2,60,"Palm Beach",2010,6008604,"TOMATOES PIZZERIA & REST","5815 LAKE WORTH RD",GREENACRES,33463-3209,2584312,1,Food,"Complaint Full","Inspection Completed - No Further Action",06/15/2016,,,6,0,0,6,Y,0,0,0,0,0,0,0,1,1,1,0,0,0,1,0,0,0,0,0,0,0,0,0,0,0,0,0,0,0,0,0,0,0,0,0,2,0,0,0,0,0,0,0,0,0,0,0,0,0,0,0,0,0,0,0,0,0,0,2228349,5901185
D2,60,"Palm Beach",2010,6008604,"TOMATOES PIZZERIA & REST","5815 LAKE WORTH RD",GREENACRES,33463-3209,2540251,1,Food,"Routine - Food","Inspection Completed - No Further Action",05/16/2016,,,9,2,1,6,Y,0,0,1,0,0,0,0,2,0,0,0,1,1,0,0,0,0,0,0,0,0,1,0,1,0,0,0,0,0,0,0,0,0,0,0,2,0,0,0,0,0,0,0,0,0,0,0,0,0,0,0,0,0,0,0,0,0,0,2228349,5696735
D2,60,"Palm Beach",2010,6008604,"TOMATOES PIZZERIA & REST","5815 LAKE WORTH RD",GREENACRES,33463-3209,2493432,3,Food,"Routine - Food","Call Back - Complied",07/29/2015,,,0,0,0,0,Y,0,0,0,0,0,0,0,0,0,0,0,0,0,0,0,0,0,0,0,0,0,0,0,0,0,0,0,0,0,0,0,0,0,0,0,0,0,0,0,0,0,0,0,0,0,0,0,0,0,0,0,0,0,0,0,0,0,0,2228349,5697853
D2,60,"Palm Beach",2010,6008604,"TOMATOES PIZZERIA & REST","5815 LAKE WORTH RD",GREENACRES,33463-3209,2493432,1,Food,"Routine - Food","Warning Issued",07/27/2015,,,12,5,3,4,Y,1,2,2,0,0,0,0,3,0,1,0,0,0,1,0,0,0,0,0,0,0,1,0,0,0,0,0,0,0,0,0,0,0,0,0,0,0,0,0,0,1,0,0,0,0,0,0,0,0,0,0,0,0,0,0,0,0,0,2228349,5596235
D2,60,"Palm Beach",2010,6008684,"PIZZA HUT DELIVERY #012555","335 E LINTON BLVD","DELRAY BEACH",33483-5081,2536809,1,Food,"Routine - Food","Inspection Completed - No Further Action",02/29/2016,,,0,0,0,0,Y,0,0,0,0,0,0,0,0,0,0,0,0,0,0,0,0,0,0,0,0,0,0,0,0,0,0,0,0,0,0,0,0,0,0,0,0,0,0,0,0,0,0,0,0,0,0,0,0,0,0,0,0,0,0,0,0,0,0,2228355,5685093
D2,60,"Palm Beach",2010,6008684,"PIZZA HUT DELIVERY #012555","335 E LINTON BLVD","DELRAY BEACH",33483-5081,2496847,1,Food,"Routine - Food","Inspection Completed - No Further Action",07/09/2015,,,0,0,0,0,Y,0,0,0,0,0,0,0,0,0,0,0,0,0,0,0,0,0,0,0,0,0,0,0,0,0,0,0,0,0,0,0,0,0,0,0,0,0,0,0,0,0,0,0,0,0,0,0,0,0,0,0,0,0,0,0,0,0,0,2228355,5603247
D2,60,"Palm Beach",2010,6008699,"MCKENNA'S PLACE","4068 FORREST HILL BLVD","PALM SPRINGS",33406,2515438,1,Food,"Routine - Food","Warning Issued",01/22/2016,,,17,3,6,8,Y,1,1,2,0,0,0,0,0,0,1,0,2,1,2,0,0,0,0,0,0,0,3,1,0,0,0,0,0,1,0,1,0,0,0,0,0,0,1,0,0,0,0,0,0,0,0,0,0,0,0,0,0,0,0,0,0,0,0,4406334,5633103
D2,60,"Palm Beach",2010,6008699,"MCKENNA'S PLACE","4068 FORREST HILL BLVD","PALM SPRINGS",33406,2573883,1,Food,"Routine - Food","Inspection Completed - No Further Action",06/03/2016,,,12,1,4,7,Y,1,0,2,0,0,0,0,0,0,0,0,1,1,3,0,1,0,0,0,0,0,2,0,0,0,0,0,0,0,0,0,0,0,0,0,1,0,0,0,0,0,0,0,0,0,0,0,0,0,0,0,0,0,0,0,0,0,0,4406334,5820766
D2,60,"Palm Beach",2010,6008699,"MCKENNA'S PLACE","4068 FORREST HILL BLVD","PALM SPRINGS",33406,2515438,2,Food,"Routine - Food","Call Back - Admin. complaint recommended",01/29/2016,,,3,2,1,0,Y,1,0,0,0,0,0,0,0,0,0,0,1,0,0,0,0,0,0,0,0,0,0,0,0,0,0,0,0,1,0,0,0,0,0,0,0,0,0,0,0,0,0,0,0,0,0,0,0,0,0,0,0,0,0,0,0,0,0,4406334,5820673
D2,60,"Palm Beach",2010,6008703,"FIFTH AVENUE GRILL","821 SE 5 AVE","DELRAY BEACH",33483-5106,2496848,3,Food,"Routine - Food","Call Back - Complied",12/23/2015,,,3,0,0,3,Y,0,0,0,0,0,0,0,0,0,0,0,0,0,2,0,0,0,0,0,0,0,0,0,0,0,0,0,0,0,0,0,0,0,0,0,1,0,0,0,0,0,0,0,0,0,0,0,0,0,0,0,0,0,0,0,0,0,0,2228360,5806061
D2,60,"Palm Beach",2010,6008703,"FIFTH AVENUE GRILL","821 SE 5 AVE","DELRAY BEACH",33483-5106,2496848,2,Food,"Routine - Food","Call Back - Extension given, pending",12/22/2015,,,5,1,1,3,Y,0,0,1,0,0,0,0,0,0,0,0,0,0,3,0,0,0,0,0,0,0,0,0,0,0,0,0,0,0,0,0,0,0,0,0,1,0,0,0,0,0,0,0,0,0,0,0,0,0,0,0,0,0,0,0,0,0,0,2228360,5800081
D2,60,"Palm Beach",2010,6008703,"FIFTH AVENUE GRILL","821 SE 5 AVE","DELRAY BEACH",33483-5106,2496848,1,Food,"Routine - Food","Warning Issued",12/14/2015,,,18,4,6,8,Y,0,1,1,0,0,0,0,2,1,0,0,1,0,4,0,1,0,0,0,0,1,2,0,1,0,0,0,0,0,0,2,0,0,0,0,1,0,0,0,0,0,0,0,0,0,0,0,0,0,0,0,0,0,0,0,0,0,0,2228360,5603248
D2,60,"Palm Beach",2010,6008713,"MIZNER PIZZERIA","134 NE 2 ST","BOCA RATON",33432,2539505,1,Food,"Routine - Food","Warning Issued",12/01/2015,,,11,3,4,4,Y,0,1,0,0,2,0,0,1,0,1,0,0,0,0,0,1,0,0,0,0,0,2,0,0,1,0,0,0,0,0,0,0,0,0,0,0,0,0,0,0,0,0,0,0,0,0,0,0,0,1,0,0,1,0,0,0,0,0,6202397,5694003
D2,60,"Palm Beach",2010,6008713,"MIZNER PIZZERIA","134 NE 2 ST","BOCA RATON",33432,2539505,2,Food,"Routine - Food","Call Back - Complied",02/02/2016,,,0,0,0,0,Y,0,0,0,0,0,0,0,0,0,0,0,0,0,0,0,0,0,0,0,0,0,0,0,0,0,0,0,0,0,0,0,0,0,0,0,0,0,0,0,0,0,0,0,0,0,0,0,0,0,0,0,0,0,0,0,0,0,0,6202397,5789880
D2,60,"Palm Beach",2010,6008713,"MIZNER PIZZERIA","134 NE 2 ST","BOCA RATON",33432,2565887,1,Food,"Routine - Food","Warning Issued",05/17/2016,,,14,4,4,6,Y,0,0,2,0,0,0,0,1,0,1,0,0,1,0,0,1,0,0,0,0,0,2,0,0,1,0,0,0,1,0,1,1,0,0,0,0,0,0,0,0,1,0,0,0,0,0,0,0,0,0,0,0,1,0,0,0,0,0,6202397,5790126
D2,60,"Palm Beach",2010,6008724,"TALAY THAI CUISINE","7100 FAIRWAY DR STE 63","PALM BEACH GARDENS",33418,2559307,2,Food,"Routine - Food","Call Back - Complied",06/10/2016,,,1,0,0,1,Y,0,0,0,0,0,0,0,0,0,0,0,0,0,1,0,0,0,0,0,0,0,0,0,0,0,0,0,0,0,0,0,0,0,0,0,0,0,0,0,0,0,0,0,0,0,0,0,0,0,0,0,0,0,0,0,0,0,0,3777452,5899538
D2,60,"Palm Beach",2010,6008724,"TALAY THAI CUISINE","7100 FAIRWAY DR STE 63","PALM BEACH GARDENS",33418,2507809,1,Food,"Routine - Food","Inspection Completed - No Further Action",10/26/2015,,,7,1,0,6,Y,0,1,0,0,0,0,0,3,0,0,0,1,0,0,0,0,0,0,0,0,0,0,0,0,0,0,0,0,0,0,0,0,0,0,0,1,0,0,0,0,1,0,0,0,0,0,0,0,0,0,0,0,0,0,0,0,0,0,3777452,5622135
D2,60,"Palm Beach",2010,6008724,"TALAY THAI CUISINE","7100 FAIRWAY DR STE 63","PALM BEACH GARDENS",33418,2559307,1,Food,"Routine - Food","Warning Issued",06/09/2016,,,11,1,4,6,Y,0,0,2,0,1,0,0,0,0,0,0,0,0,1,0,0,0,0,0,0,0,2,0,0,0,0,0,0,0,0,1,1,2,0,0,1,0,0,0,0,0,0,0,0,0,0,0,0,0,0,0,0,0,0,0,0,0,0,3777452,5767044
D2,60,"Palm Beach",2010,6008729,"DOMINO'S PIZZA","450 N LAKE BLVD #2","LAKE PARK",33408,2511598,1,Food,"Routine - Food","Inspection Completed - No Further Action",12/23/2015,,,2,0,1,1,Y,0,0,0,0,0,0,0,0,0,0,0,0,0,0,0,0,0,0,0,0,0,0,0,0,1,0,0,0,0,0,0,0,0,0,0,0,0,0,0,0,1,0,0,0,0,0,0,0,0,0,0,0,0,0,0,0,0,0,4116335,5627493
D2,60,"Palm Beach",2010,6008730,"FITZ'Y DELI","3950 RCA BLVD","PALM BEACH GARDENS",33410,2530312,1,Food,"Routine - Food","Inspection Completed - No Further Action",12/14/2015,,,5,1,0,4,Y,0,0,1,0,0,0,0,0,0,0,0,1,0,0,0,0,0,0,0,0,1,0,0,0,1,0,0,0,0,0,0,0,0,0,0,0,0,0,0,0,0,0,0,0,0,0,0,0,0,0,1,0,0,0,0,0,0,0,6115490,5655793
D2,60,"Palm Beach",2010,6008730,"FITZ'Y DELI","3950 RCA BLVD","PALM BEACH GARDENS",33410,2568976,1,Food,"Routine - Food","Inspection Completed - No Further Action",05/11/2016,,,3,1,0,2,Y,0,1,0,0,0,0,0,0,1,0,0,0,1,0,0,0,0,0,0,0,0,0,0,0,0,0,0,0,0,0,0,0,0,0,0,0,0,0,0,0,0,0,0,0,1,0,0,0,0,0,0,0,0,0,0,0,0,0,6115490,5799337
D2,60,"Palm Beach",2010,6008730,"FITZ'Y DELI","3950 RCA BLVD","PALM BEACH GARDENS",33410,2479664,2,Food,"Routine - Food","Call Back - Complied",08/06/2015,,,0,0,0,0,Y,0,0,0,0,0,0,0,0,0,0,0,0,0,0,0,0,0,0,0,0,0,0,0,0,0,0,0,0,0,0,0,0,0,0,0,0,0,0,0,0,0,0,0,0,0,0,0,0,0,0,0,0,0,0,0,0,0,0,6115490,5568647
D2,60,"Palm Beach",2010,6008738,"SUBWAY #1992","5030 CHAMPION BLVD","BOCA RATON",33496-2473,2500093,1,Food,"Routine - Food","Warning Issued",08/18/2015,,,5,1,3,1,Y,0,0,1,0,0,0,0,0,0,0,1,0,0,0,0,0,0,0,0,0,0,0,0,0,0,0,2,0,0,0,0,0,0,0,0,0,0,0,0,0,0,0,0,0,1,0,0,0,0,0,0,0,1,0,0,0,0,0,2228368,5609818
D2,60,"Palm Beach",2010,6008738,"SUBWAY #1992","5030 CHAMPION BLVD","BOCA RATON",33496-2473,2500093,2,Food,"Routine - Food","Call Back - Admin. complaint recommended",08/20/2015,,,3,1,1,1,Y,0,0,1,0,0,0,0,0,0,0,0,0,0,0,0,0,0,0,0,0,0,0,0,0,0,0,2,0,0,0,0,0,0,0,0,0,0,0,0,0,0,0,0,0,0,0,0,0,0,0,0,0,0,0,0,0,0,0,2228368,5715813
D2,60,"Palm Beach",2010,6008738,"SUBWAY #1992","5030 CHAMPION BLVD","BOCA RATON",33496-2473,2500093,3,Food,"Routine - Food","Call Back - Complied",12/07/2015,,,0,0,0,0,Y,0,0,0,0,0,0,0,0,0,0,0,0,0,0,0,0,0,0,0,0,0,0,0,0,0,0,0,0,0,0,0,0,0,0,0,0,0,0,0,0,0,0,0,0,0,0,0,0,0,0,0,0,0,0,0,0,0,0,2228368,5784842
D2,60,"Palm Beach",2010,6008757,"ROMEO-N-JULIETTES CAFFE INC","1544 CYPRESS DR",JUPITER,33469,2513291,1,Food,"Routine - Food","Inspection Completed - No Further Action",04/12/2016,,,12,0,3,9,Y,1,0,0,0,0,1,0,0,0,1,1,1,1,1,0,0,0,0,0,0,2,1,0,0,0,0,0,0,0,0,0,0,0,0,0,0,0,0,0,1,1,0,0,0,0,0,0,0,0,0,0,0,0,0,0,0,0,0,4322172,5629907
D2,60,"Palm Beach",2010,6008812,"JOHNNY Q'S","3801 10 AVE N","PALM SPRINGS",33461,2520297,2,Food,"Routine - Food","Call Back - Complied",04/18/2016,,,1,0,1,0,Y,0,0,0,0,0,0,0,0,0,0,0,0,0,0,0,0,0,0,0,0,0,1,0,0,0,0,0,0,0,0,0,0,0,0,0,0,0,0,0,0,0,0,0,0,0,0,0,0,0,0,0,0,0,0,0,0,0,0,5449112,5835218
D2,60,"Palm Beach",2010,6008812,"JOHNNY Q'S","3801 10 AVE N","PALM SPRINGS",33461,2520297,1,Food,"Routine - Food","Warning Issued",02/17/2016,,,49,12,16,21,Y,1,1,4,0,0,0,0,2,1,2,1,4,2,1,0,0,0,0,0,0,0,7,1,1,2,0,2,0,3,0,5,0,0,0,0,1,0,1,0,0,4,0,0,0,0,0,0,0,0,0,1,0,2,0,0,0,0,0,5449112,5640236
D2,60,"Palm Beach",2010,6008812,"JOHNNY Q'S","3801 10 AVE N","PALM SPRINGS",33461,2576254,1,Food,"Routine - Food","Inspection Completed - No Further Action",06/23/2016,,,5,0,2,3,Y,0,0,1,0,0,0,0,0,0,0,0,0,0,1,0,0,0,0,0,0,0,1,0,0,0,0,0,0,0,0,1,0,0,0,0,0,0,0,0,1,0,0,0,0,0,0,0,0,0,0,0,0,0,0,0,0,0,0,5449112,5835441
D2,60,"Palm Beach",2010,6008838,"PIZZA HUT DELIVERY #012564","3897 JOG RD","LAKE WORTH",33467-1590,2493434,1,Food,"Routine - Food","Inspection Completed - No Further Action",07/02/2015,,,2,0,0,2,Y,0,0,0,0,0,0,0,0,0,0,0,0,0,0,0,0,0,0,0,0,0,0,1,0,0,0,0,0,0,0,0,0,1,0,0,0,0,0,0,0,0,0,0,0,0,0,0,0,0,0,0,0,0,0,0,0,0,0,2228382,5596237
D2,60,"Palm Beach",2010,6008848,"YOGURT EMPORIUM (THE)","6060 SW 18 ST","BOCA RATON",33433-7164,2500094,2,Food,"Routine - Food","Call Back - Complied",10/12/2015,,,0,0,0,0,Y,0,0,0,0,0,0,0,0,0,0,0,0,0,0,0,0,0,0,0,0,0,0,0,0,0,0,0,0,0,0,0,0,0,0,0,0,0,0,0,0,0,0,0,0,0,0,0,0,0,0,0,0,0,0,0,0,0,0,2228386,5710343
D2,60,"Palm Beach",2010,6008848,"YOGURT EMPORIUM (THE)","6060 SW 18 ST","BOCA RATON",33433-7164,2500094,1,Food,"Routine - Food","Warning Issued",08/12/2015,,,1,0,1,0,Y,0,0,0,0,0,0,0,0,0,0,0,0,0,0,0,0,0,0,0,0,0,0,0,0,0,0,0,0,0,0,0,0,0,0,0,0,0,0,0,0,0,0,0,0,0,0,0,0,0,0,0,0,1,0,0,0,0,0,2228386,5609820
D2,60,"Palm Beach",2010,6008858,FAIRWAYS,"149 GOLF VILLAGE BLVD",JUPITER,33477,2576682,2,Food,"Routine - Food","Call Back - Complied",05/23/2016,,,0,0,0,0,Y,0,0,0,0,0,0,0,0,0,0,0,0,0,0,0,0,0,0,0,0,0,0,0,0,0,0,0,0,0,0,0,0,0,0,0,0,0,0,0,0,0,0,0,0,0,0,0,0,0,0,0,0,0,0,0,0,0,0,2228388,5885767
D2,60,"Palm Beach",2010,6008858,FAIRWAYS,"149 GOLF VILLAGE BLVD",JUPITER,33477,2493435,1,Food,"Routine - Food","Warning Issued",02/23/2016,,,5,2,3,0,Y,1,0,0,0,0,0,0,0,0,0,0,0,0,0,0,0,0,0,0,0,0,1,0,0,0,0,0,0,0,0,2,0,0,0,0,0,0,0,0,0,0,0,0,0,0,0,0,0,0,0,0,0,1,0,0,0,0,0,2228388,5596238
D2,60,"Palm Beach",2010,6008858,FAIRWAYS,"149 GOLF VILLAGE BLVD",JUPITER,33477,2576682,1,Food,"Routine - Food","Warning Issued",05/16/2016,,,14,8,2,4,Y,2,0,2,0,0,0,0,3,1,0,0,1,0,0,0,0,0,0,0,0,1,0,0,1,0,0,0,0,0,0,3,0,0,0,0,0,0,0,0,0,0,0,0,0,0,0,0,0,0,0,0,0,0,0,0,0,0,0,2228388,5838523
D2,60,"Palm Beach",2010,6008858,FAIRWAYS,"149 GOLF VILLAGE BLVD",JUPITER,33477,2493435,3,Food,"Routine - Food","Call Back - Extension given, pending",02/25/2016,,,1,1,0,0,Y,0,0,0,0,0,0,0,0,0,0,0,0,0,0,0,0,0,0,0,0,0,1,0,0,0,0,0,0,0,0,0,0,0,0,0,0,0,0,0,0,0,0,0,0,0,0,0,0,0,0,0,0,0,0,0,0,0,0,2228388,5839134
D2,60,"Palm Beach",2010,6008858,FAIRWAYS,"149 GOLF VILLAGE BLVD",JUPITER,33477,2493435,4,Food,"Routine - Food","Call Back - Complied",02/26/2016,,,0,0,0,0,Y,0,0,0,0,0,0,0,0,0,0,0,0,0,0,0,0,0,0,0,0,0,0,0,0,0,0,0,0,0,0,0,0,0,0,0,0,0,0,0,0,0,0,0,0,0,0,0,0,0,0,0,0,0,0,0,0,0,0,2228388,5839977
D2,60,"Palm Beach",2010,6008858,FAIRWAYS,"149 GOLF VILLAGE BLVD",JUPITER,33477,2493435,2,Food,"Routine - Food","Call Back - Extension given, pending",02/24/2016,,,1,1,0,0,Y,0,0,0,0,0,0,0,0,0,0,0,0,0,0,0,0,0,0,0,0,0,1,0,0,0,0,0,0,0,0,0,0,0,0,0,0,0,0,0,0,0,0,0,0,0,0,0,0,0,0,0,0,0,0,0,0,0,0,2228388,5838435
D2,60,"Palm Beach",2010,6008861,KFC,"3045 N MILITARY TRL","WEST PALM BEACH",33409,2525018,1,Food,"Routine - Food","Inspection Completed - No Further Action",07/21/2015,,,5,0,1,4,Y,0,0,1,0,0,0,0,0,0,0,0,0,0,1,0,0,0,0,0,0,0,0,0,0,1,0,0,0,1,0,0,0,0,0,1,0,0,0,0,0,0,0,0,0,0,0,0,0,0,0,0,0,0,0,0,0,0,0,5868811,5647396
D2,60,"Palm Beach",2010,6008879,"DUNE DECK CAFE","100 N OCEAN BLVD",LANTANA,33462-3331,2496849,2,Food,"Routine - Food","Call Back - Extension given, pending",01/06/2016,,,1,1,0,0,Y,0,0,0,0,0,0,0,0,0,0,0,0,0,0,0,0,0,0,0,0,0,0,0,0,0,0,0,0,0,0,0,0,0,0,1,0,0,0,0,0,0,0,0,0,0,0,0,0,0,0,0,0,0,0,0,0,0,0,2228395,5810597
D2,60,"Palm Beach",2010,6008879,"DUNE DECK CAFE","100 N OCEAN BLVD",LANTANA,33462-3331,2496849,3,Food,"Routine - Food","Call Back - Complied",02/05/2016,,,0,0,0,0,Y,0,0,0,0,0,0,0,0,0,0,0,0,0,0,0,0,0,0,0,0,0,0,0,0,0,0,0,0,0,0,0,0,0,0,0,0,0,0,0,0,0,0,0,0,0,0,0,0,0,0,0,0,0,0,0,0,0,0,2228395,5811229
D2,60,"Palm Beach",2010,6008879,"DUNE DECK CAFE","100 N OCEAN BLVD",LANTANA,33462-3331,2496849,1,Food,"Routine - Food","Warning Issued",01/05/2016,,,16,7,4,5,Y,0,0,2,0,1,0,0,1,0,0,0,3,1,0,0,0,0,0,0,0,0,0,0,0,1,0,0,0,1,0,4,0,0,0,1,0,0,0,0,1,0,0,0,0,0,0,0,0,0,0,0,0,0,0,0,0,0,0,2228395,5603251
D2,60,"Palm Beach",2010,6008879,"DUNE DECK CAFE","100 N OCEAN BLVD",LANTANA,33462-3331,2572071,1,Food,"Routine - Food","Inspection Completed - No Further Action",05/10/2016,,,9,2,2,5,Y,0,0,0,0,0,0,0,1,0,1,0,2,0,1,0,0,0,0,0,0,0,2,0,0,0,0,0,0,0,0,0,0,0,0,1,0,0,1,0,0,0,0,0,0,0,0,0,0,0,0,0,0,0,0,0,0,0,0,2228395,5810949
D2,60,"Palm Beach",2010,6008905,"SUBWAY OF BOCA GREEN","19605C S SR 7","BOCA RATON",33498,2563740,1,Food,"Food-Licensing Inspection","Inspection Completed - No Further Action",11/19/2015,,,2,1,1,0,Y,0,0,1,0,0,0,0,0,0,0,1,0,0,0,0,0,0,0,0,0,0,0,0,0,0,0,0,0,0,0,0,0,0,0,0,0,0,0,0,0,0,0,0,0,0,0,0,0,0,0,0,0,0,0,0,0,0,0,6295735,5782801
D2,60,"Palm Beach",2010,6008905,"SUBWAY #6570","19605C S SR 7","BOCA RATON",33498,2512487,1,Food,"Routine - Food","Inspection Completed - No Further Action",07/06/2015,,,2,0,1,1,Y,0,0,0,0,0,0,0,0,0,0,1,0,0,0,0,0,0,0,0,0,0,0,0,0,0,0,0,0,0,0,0,0,0,0,0,0,0,0,0,0,0,0,0,0,0,0,0,0,0,0,1,0,0,0,0,0,0,0,4171414,5628694
D2,60,"Palm Beach",2010,6008906,SUBWAY,"9810 ALT A1A #115","PALM BEACH GARDENS",33410,2493436,1,Food,"Routine - Food","Warning Issued",10/05/2015,,,2,0,1,1,Y,0,0,0,0,0,0,0,0,0,0,0,0,0,0,0,0,0,0,0,0,0,0,0,1,0,0,0,0,0,0,0,0,0,0,0,0,0,0,0,0,0,0,0,0,0,0,0,0,0,0,0,0,1,0,0,0,0,0,2228399,5596239
D2,60,"Palm Beach",2010,6008906,SUBWAY,"9810 ALT A1A #115","PALM BEACH GARDENS",33410,2493436,2,Food,"Routine - Food","Call Back - Complied",12/08/2015,,,0,0,0,0,Y,0,0,0,0,0,0,0,0,0,0,0,0,0,0,0,0,0,0,0,0,0,0,0,0,0,0,0,0,0,0,0,0,0,0,0,0,0,0,0,0,0,0,0,0,0,0,0,0,0,0,0,0,0,0,0,0,0,0,2228399,5750628
D2,60,"Palm Beach",2010,6008907,"TACO BELL #123","865 S. MAIN STREET","BELLE GLADE",33430,2520718,1,Food,"Routine - Food","Warning Issued",01/08/2016,,,8,1,1,6,Y,0,1,0,0,0,0,0,1,0,0,0,0,0,0,0,0,0,0,0,0,0,0,1,0,1,0,0,0,1,0,0,0,0,0,0,2,0,0,0,0,0,0,0,0,0,0,0,0,0,0,0,0,1,0,0,0,0,0,5469818,5640854
D2,60,"Palm Beach",2010,6008907,"TACO BELL #123","865 S. MAIN STREET","BELLE GLADE",33430,2520718,2,Food,"Routine - Food","Call Back - Complied",03/16/2016,,,0,0,0,0,Y,0,0,0,0,0,0,0,0,0,0,0,0,0,0,0,0,0,0,0,0,0,0,0,0,0,0,0,0,0,0,0,0,0,0,0,0,0,0,0,0,0,0,0,0,0,0,0,0,0,0,0,0,0,0,0,0,0,0,5469818,5812983
D2,60,"Palm Beach",2010,6008917,"BANGKOK JAM RESTAURANT","1232 ROYAL PALM BEACH BLVD","ROYAL PLM BEACH",33411,2573760,2,Food,"Routine - Food","Call Back - Complied",05/25/2016,,,4,0,0,4,Y,0,0,0,0,0,0,0,0,0,0,0,0,0,1,0,0,0,0,0,0,0,0,0,0,0,0,0,0,0,0,0,0,0,0,2,1,0,0,0,0,0,0,0,0,0,0,0,0,0,0,0,0,0,0,0,0,0,0,6013844,5889852
D2,60,"Palm Beach",2010,6008917,"BANGKOK JAM RESTAURANT","1232 ROYAL PALM BEACH BLVD","ROYAL PLM BEACH",33411,2573760,1,Food,"Routine - Food","Warning Issued",05/23/2016,,,15,2,3,10,Y,0,0,2,0,0,0,0,0,0,1,0,0,0,1,0,0,0,0,0,0,0,2,1,0,1,0,0,0,0,0,1,0,0,0,3,2,0,0,0,1,0,0,0,0,0,0,0,0,0,0,0,0,0,0,0,0,0,0,6013844,5820119
D2,60,"Palm Beach",2010,6008917,"BANGKOK JAM RESTAURANT","1232 ROYAL PALM BEACH BLVD","ROYAL PLM BEACH",33411,2535044,1,Food,"Routine - Food","Warning Issued",01/21/2016,,,18,7,2,9,Y,1,0,1,0,0,0,0,1,0,1,0,4,0,3,0,0,0,0,0,0,0,1,0,0,0,0,0,0,0,0,1,0,0,0,2,2,0,0,0,0,1,0,0,0,0,0,0,0,0,0,0,0,0,0,0,0,0,0,6013844,5678620
D2,60,"Palm Beach",2010,6008917,"BANGKOK JAM RESTAURANT","1232 ROYAL PALM BEACH BLVD","ROYAL PLM BEACH",33411,2535044,2,Food,"Routine - Food","Call Back - Complied",01/29/2016,,,0,0,0,0,Y,0,0,0,0,0,0,0,0,0,0,0,0,0,0,0,0,0,0,0,0,0,0,0,0,0,0,0,0,0,0,0,0,0,0,0,0,0,0,0,0,0,0,0,0,0,0,0,0,0,0,0,0,0,0,0,0,0,0,6013844,5819965
D2,60,"Palm Beach",2010,6008920,"PIZZA HUT DELIVERY #012554","1625 S FEDERAL HWY","BOYNTON BEACH",33435-2841,2496883,1,Food,"Routine - Food","Warning Issued",03/01/2016,,,7,2,2,3,Y,0,0,0,0,0,0,0,0,0,0,0,1,0,0,0,0,0,0,0,0,0,1,1,0,0,0,0,0,0,0,0,0,0,0,0,1,0,0,0,0,0,0,0,0,0,0,0,0,0,0,1,0,2,0,0,0,0,0,2228407,5603317
D2,60,"Palm Beach",2010,6008920,"PIZZA HUT DELIVERY #012554","1625 S FEDERAL HWY","BOYNTON BEACH",33435-2841,2496883,2,Food,"Routine - Food","Call Back - Complied",05/02/2016,,,0,0,0,0,Y,0,0,0,0,0,0,0,0,0,0,0,0,0,0,0,0,0,0,0,0,0,0,0,0,0,0,0,0,0,0,0,0,0,0,0,0,0,0,0,0,0,0,0,0,0,0,0,0,0,0,0,0,0,0,0,0,0,0,2228407,5843429
D2,60,"Palm Beach",2010,6008921,"KELLY'S BILLIARDS","5877 S CONGRESS AVE",ATLANTIS,33462-1333,2496884,1,Food,"Routine - Food","Inspection Completed - No Further Action",01/19/2016,,,0,0,0,0,Y,0,0,0,0,0,0,0,0,0,0,0,0,0,0,0,0,0,0,0,0,0,0,0,0,0,0,0,0,0,0,0,0,0,0,0,0,0,0,0,0,0,0,0,0,0,0,0,0,0,0,0,0,0,0,0,0,0,0,2228408,5603318
D2,60,"Palm Beach",2010,6008928,"MEN'S LOCKER ROOM BAR","10600 PINE TREE TER","BOYNTON BEACH",33436-4906,2554162,1,Food,"Routine - Food","Inspection Completed - No Further Action",05/09/2016,,,3,1,1,1,Y,0,0,1,0,0,0,0,0,0,0,0,0,0,0,0,0,0,0,0,0,0,0,0,0,0,0,0,0,0,0,2,0,0,0,0,0,0,0,0,0,0,0,0,0,0,0,0,0,0,0,0,0,0,0,0,0,0,0,2228413,5747628
D2,60,"Palm Beach",2010,6008928,"MEN'S LOCKER ROOM BAR","10600 PINE TREE TER","BOYNTON BEACH",33436-4906,2493465,1,Food,"Routine - Food","Inspection Completed - No Further Action",09/30/2015,,,1,1,0,0,Y,0,0,0,0,0,0,0,0,0,0,0,0,0,0,0,0,0,0,0,0,0,0,0,0,0,0,0,0,0,0,0,0,0,0,0,0,0,0,0,0,1,0,0,0,0,0,0,0,0,0,0,0,0,0,0,0,0,0,2228413,5596281
D2,60,"Palm Beach",2010,6008930,"SUBWAY OF WELLINGTON","13833 WELLINGTON TR STE E10",WELLINGTON,33414,2532665,2,Food,"Routine - Food","Call Back - Complied",10/20/2015,,,0,0,0,0,Y,0,0,0,0,0,0,0,0,0,0,0,0,0,0,0,0,0,0,0,0,0,0,0,0,0,0,0,0,0,0,0,0,0,0,0,0,0,0,0,0,0,0,0,0,0,0,0,0,0,0,0,0,0,0,0,0,0,0,5922282,5712645
D2,60,"Palm Beach",2010,6008930,"SUBWAY #2205","13833 WELLINGTON TR STE E10",WELLINGTON,33414,2573924,2,Food,"Routine - Food","Call Back - Extension given, pending",05/13/2016,,,2,1,1,0,Y,0,0,0,0,0,0,0,0,0,0,0,0,0,0,0,0,0,0,0,0,0,0,0,0,0,0,0,0,1,0,0,0,0,0,0,0,0,0,0,0,0,0,0,0,0,0,0,0,0,0,0,0,1,0,0,0,0,0,6340495,5883334
D2,60,"Palm Beach",2010,6008930,"SUBWAY #2205","13833 WELLINGTON TR STE E10",WELLINGTON,33414,2573924,1,Food,"Routine - Food","Warning Issued",05/11/2016,,,5,2,2,1,Y,0,0,1,0,0,0,0,0,0,0,0,0,0,1,0,0,0,0,0,0,0,0,0,0,0,0,0,0,1,0,0,1,0,0,0,0,0,0,0,0,0,0,0,0,0,0,0,0,0,0,0,0,1,0,0,0,0,0,6340495,5820811
