D5,26,Duval,2010,2612308,"DOMINOS PIZZA #4913","13947 BEACH BLVD",JACKSONVILLE,32224,2187311,1,Food,"Routine - Food","Inspection Completed - No Further Action",9/24/2012,1,0,1,,,,Y,0,0,0,0,0,0,0,0,0,0,0,1,0,0,0,0,0,0,0,0,0,0,0,0,0,0,0,0,0,0,0,0,0,0,0,0,0,0,0,0,0,0,0,0,0,0,0,0,0,0,0,0,0,0,0,0,0,0,2176597,4660307
D5,26,Duval,2010,2613040,"OCEAN SIXTY","60 OCEAN BLVD","ATLANTIC BCH",32233,2187741,1,Food,"Routine - Food","Inspection Completed - No Further Action",9/24/2012,6,3,9,,,,Y,0,1,0,0,0,0,0,2,0,1,0,1,0,0,0,0,0,1,0,0,0,1,0,0,0,0,0,0,0,0,1,0,0,0,0,0,0,0,0,1,0,0,0,0,0,0,0,0,0,0,0,0,0,0,0,0,0,0,2177327,4661199
D5,26,Duval,2010,2613184,"GINZA JAPANESE CUISINE","3503 KERNAN BLVD, SUITE #6",JACKSONVILLE,32224,2169821,2,Food,"Routine - Food","Call Back - Complied",9/24/2012,1,2,3,,,,Y,0,1,0,0,0,0,0,0,0,0,0,0,0,1,0,0,0,0,0,0,0,0,0,0,0,0,0,0,0,0,0,0,0,0,0,0,1,0,0,0,0,0,0,0,0,0,0,0,0,0,0,0,0,0,0,0,0,0,2177471,4808454
D5,26,Duval,2010,2614136,"STAYBRIDGE SUITES HOTEL","8511 TOUCHTON RD",JACKSONVILLE,32216,2210064,1,Food,"Routine - Food","Inspection Completed - No Further Action",9/24/2012,6,2,8,,,,Y,1,0,1,0,1,0,0,1,0,0,0,0,0,0,0,0,1,0,0,0,0,0,0,1,0,0,0,0,0,0,0,0,0,0,0,0,0,0,0,1,1,0,0,0,0,0,0,0,0,0,0,0,0,0,0,0,0,0,3665534,4693560
D5,26,Duval,2010,2614372,"MILLER'S JACKSONVILLE ALE HOUSE","3238 HODGES BLVD",JACKSONVILLE,32224,2252511,1,Food,"Complaint Full","Inspection Completed - No Further Action",9/24/2012,2,0,2,,,,Y,0,0,0,0,0,0,0,0,0,0,0,0,0,0,0,0,0,0,0,0,0,0,0,0,0,0,0,0,0,0,1,0,0,0,1,0,0,0,0,0,0,0,0,0,0,0,0,0,0,0,0,0,0,0,0,0,0,0,4005147,4753926
D5,26,Duval,2010,2614476,"CABALEN RESTAURANT","2292 MAYPORT ROAD, SUITE 15-16",JACKSONVILLE,32233,2226754,1,Food,"Routine - Food","Inspection Completed - No Further Action",9/24/2012,11,5,16,,,,Y,2,2,1,0,0,0,0,2,0,0,0,1,0,2,0,0,0,0,0,0,0,0,0,0,0,0,0,0,0,0,1,2,0,0,0,0,0,0,0,1,0,0,1,0,0,0,0,0,0,0,1,0,0,0,0,0,0,0,4156811,4715317
D5,26,Duval,2010,2614480,"SHIRAZ PIZZA","3980 SOUTHSIDE BLVD #204",JACKSONVILLE,32216,2227415,1,Food,"Routine - Food","Inspection Completed - No Further Action",9/24/2012,13,2,15,,,,Y,0,2,0,0,2,0,0,1,1,0,0,0,0,0,0,0,0,0,0,0,0,4,0,0,1,0,0,0,0,0,1,2,0,0,0,0,1,0,0,0,0,0,0,0,0,0,0,0,0,0,0,0,0,0,0,0,0,0,4170828,4716160
D5,26,Duval,2010,2614505,"MARKHAM'S DELI & CATERING","6661 BOWDEN RD",JACKSONVILLE,32216,2228933,2,Food,"Routine - Food","Call Back - Complied",9/24/2012,1,2,3,,,,Y,0,0,0,0,0,0,0,0,0,0,0,0,0,0,0,0,0,0,0,0,0,1,0,0,0,0,0,0,0,0,0,0,0,0,0,0,1,0,0,0,0,0,0,0,0,0,0,0,0,0,1,0,0,0,0,0,0,0,4201262,4805488
D5,26,Duval,2010,2614617,"LA QUINTA INN-JACKSONVILLE AIRPORT","812 DUNN AVE",JACKSONVILLE,32218,2234762,1,Food,"Routine - Food","Inspection Completed - No Further Action",9/24/2012,0,1,1,,,,Y,0,0,0,0,0,0,0,0,0,0,0,0,0,0,0,0,0,0,0,0,0,0,0,0,1,0,0,0,0,0,0,0,0,0,0,0,0,0,0,0,0,0,0,0,0,0,0,0,0,0,0,0,0,0,0,0,0,0,4335896,4726125
D5,26,Duval,2010,2614694,"CELEBRITY LOUNGE","5522 SOUTEL DRIVE",JACKSONVILLE,32219,2241672,1,Food,"Routine - Food","Inspection Completed - No Further Action",9/24/2012,2,3,5,,,,Y,0,0,0,0,0,0,0,0,0,0,0,0,0,0,0,0,0,0,0,0,0,1,0,1,1,0,0,0,0,0,0,1,0,0,0,0,0,0,0,0,0,0,0,0,0,0,0,0,0,0,1,0,0,0,0,0,0,0,4450341,4735682
D5,26,Duval,2014,2651361,"DRIFTWOOD BBQ","218 1 ST","NEPTUNE BEACH",32266,1160572,1,Food,"Routine - Food","Inspection Completed - No Further Action",9/24/2012,0,0,0,,,,Y,0,0,0,0,0,0,0,0,0,0,0,0,0,0,0,0,0,0,0,0,0,0,0,0,0,0,0,0,0,0,0,0,0,0,0,0,0,0,0,0,0,0,0,0,0,0,0,0,0,0,0,0,0,0,0,0,0,0,4444117,4736106
D5,26,Duval,2014,2651420,"ON THE MOVE","2292 MAYPORT RD",JACKSONVILLE,32233,1162144,1,Food,"Routine - Food","Inspection Completed - No Further Action",9/24/2012,1,0,1,,,,Y,0,0,0,0,0,0,0,0,0,0,0,0,0,0,0,0,1,0,0,0,0,0,0,0,0,0,0,0,0,0,0,0,0,0,0,0,0,0,0,0,0,0,0,0,0,0,0,0,0,0,0,0,0,0,0,0,0,0,5377816,4747714
D5,26,Duval,2014,2651423,"HOT GIRLZ HOT DOGZ","9865 BEACH BLVD",JACKSONVILLE,32216,1162665,1,Food,"Routine - Food","Warning Issued",9/24/2012,5,1,6,,,,Y,0,0,2,0,0,0,0,0,0,1,0,0,0,0,0,0,0,0,0,0,0,0,0,0,0,0,0,0,0,0,0,1,0,0,0,0,0,0,0,0,0,0,0,0,0,0,0,0,0,1,0,0,1,0,0,0,0,0,5382109,4774486
D5,48,Levy,2010,4800572,"DEKE'S STEAKHOUSE LLC","6650 NW 140TH STREET",CHIEFLAND,32626,2214172,1,Food,"Routine - Food","Inspection Completed - No Further Action",9/24/2012,2,1,3,,,,Y,0,0,0,0,0,0,0,0,0,0,0,0,0,0,0,0,0,0,0,0,0,0,0,0,0,0,0,0,0,0,0,0,0,0,0,0,1,0,0,0,2,0,0,0,0,0,0,0,0,0,0,0,0,0,0,0,0,0,3795038,4699037
D5,52,Marion,2010,5200544,"MCDONALD'S #4255","3215 E SILVER SPRINGS BLVD",OCALA,34470,2202759,1,Food,"Routine - Food","Inspection Completed - No Further Action",9/24/2012,1,2,3,,,,Y,0,0,0,0,0,0,0,0,0,0,0,0,0,1,0,0,0,0,0,0,1,0,0,0,0,0,0,0,0,0,1,0,0,0,0,0,0,0,0,0,0,0,0,0,0,0,0,0,0,0,0,0,0,0,0,0,0,0,2918240,4683525
D5,52,Marion,2010,5201323,"CRACKER BARREL #63","3801 SW COLLEGE RD & I 75",OCALA,34474,2181392,1,Food,"Routine - Food","Inspection Completed - No Further Action",9/24/2012,2,3,5,,,,Y,0,1,0,0,0,0,0,0,1,0,0,0,0,0,0,0,0,2,0,0,0,0,1,0,0,0,0,0,0,0,0,0,0,0,0,0,0,0,0,0,0,0,0,0,0,0,0,0,0,0,0,0,0,0,0,0,0,0,2201755,4651016
D5,52,Marion,2010,5201538,"CHILI'S GRILL & BAR #189","3501 SW 36 AVE",OCALA,344744474,2181496,1,Food,"Routine - Food","Warning Issued",9/24/2012,10,1,11,,,,Y,0,1,1,1,1,0,0,1,1,0,0,0,0,0,0,0,0,0,0,0,0,2,1,0,0,0,0,0,0,0,0,2,0,0,0,0,0,0,0,0,0,0,0,0,0,0,0,0,0,0,0,0,0,0,0,0,0,0,2201785,4651168
D5,52,Marion,2010,5202646,"HOLIDAY INN & SUITES CONFERENCE CENTER","3600 SW 38 AVE",OCALA,34474,2207758,1,Food,"Routine - Food","Inspection Completed - No Further Action",9/24/2012,6,6,12,,,,Y,0,2,0,0,0,0,0,1,0,0,0,0,0,2,0,0,0,1,0,0,1,0,0,0,1,0,0,0,0,0,1,1,0,0,0,0,0,0,0,0,1,0,0,0,0,0,0,0,0,0,1,0,0,0,0,0,0,0,3571097,4690482
D5,52,Marion,2010,5202647,"SKY ASIAN FUSION RESTAURANT","3600 SW 38 AVE 6 FLR",OCALA,34474,2223632,1,Food,"Routine - Food","Inspection Completed - No Further Action",9/24/2012,5,3,8,,,,Y,0,2,0,0,0,0,0,0,0,0,0,0,0,1,0,0,0,0,0,0,1,0,0,0,0,0,0,0,0,0,1,2,0,0,0,0,0,0,0,0,0,0,0,0,0,0,0,0,0,0,1,0,0,0,0,0,0,0,4080895,4711368
D5,52,Marion,2010,5202691,BOJENS,"2496 SE 58 AVE",OCALA,34480,2256842,1,Food,"Complaint Partial","Inspection Completed - No Further Action",9/24/2012,0,0,0,,,,Y,0,0,0,0,0,0,0,0,0,0,0,0,0,0,0,0,0,0,0,0,0,0,0,0,0,0,0,0,0,0,0,0,0,0,0,0,0,0,0,0,0,0,0,0,0,0,0,0,0,0,0,0,0,0,0,0,0,0,5337513,4810380
D5,52,Marion,2010,5202744,SLYCE,"2515 NE 3 ST",OCALA,34470,2237168,1,Food,"Routine - Food","Inspection Completed - No Further Action",9/24/2012,4,2,6,,,,Y,0,1,0,0,0,0,0,0,0,1,0,0,0,0,0,0,1,0,0,0,0,0,0,0,1,0,0,0,0,0,0,1,0,0,0,0,0,0,0,0,0,0,0,0,0,0,0,0,0,1,0,0,0,0,0,0,0,0,4419881,4729388
D5,52,Marion,2010,5202766,"TILTED KILT PUB & EATERY","3155 E SILVER SPRINGS PUB BLVD",OCALA,34470,2235395,1,Food,"Routine - Food","Inspection Completed - No Further Action",9/24/2012,9,4,13,,,,Y,1,0,0,0,0,0,0,2,1,0,0,0,0,0,1,0,0,0,0,2,1,1,0,0,0,0,0,0,0,1,0,0,0,0,0,1,0,0,0,1,1,0,0,0,0,0,0,0,0,0,0,0,0,0,0,0,0,0,4276232,4726985
D5,52,Marion,2010,5202777,"OCEAN BUFFET","3425 SW COLLEGE RD",OCALA,34474,2237306,1,Food,"Routine - Food","Inspection Completed - No Further Action",9/24/2012,11,6,17,,,,Y,0,2,0,0,1,0,0,2,1,1,0,2,1,3,0,0,0,0,0,0,0,0,0,0,0,0,1,0,0,0,1,1,0,0,0,0,0,0,0,0,0,0,0,0,0,0,0,0,0,0,1,0,0,0,0,0,0,0,4341960,4729575
D5,52,Marion,2014,5250550,"TK OF OCALA CATERING","3155 E SILVER SPRINGS BLVD",OCALA,34470,1162586,1,Food,"Food-Licensing Inspection","Inspection Completed - No Further Action",9/24/2012,4,1,5,,,,Y,0,0,0,0,0,0,0,0,0,0,0,0,0,0,0,0,0,0,0,0,0,2,0,0,0,0,0,0,0,0,0,2,0,0,0,0,0,0,0,0,0,0,0,0,0,0,0,0,0,0,1,0,0,0,0,0,0,0,5391316,4753109
D5,55,Nassau,2010,5500772,"HUDDLE HOUSE RESTAURANT #340","103 EWING PARK LN",CALLAHAN,32011,2256676,1,Food,"Routine - Food","Warning Issued",9/24/2012,13,6,19,,,,Y,1,0,1,0,1,0,0,1,0,0,0,1,0,0,0,0,0,0,0,0,1,5,2,0,0,0,0,0,0,0,0,1,0,0,0,0,2,0,0,0,2,0,0,0,0,0,0,0,0,0,1,0,0,0,0,0,0,0,2205786,4809255
D5,64,Putnam,2010,6400755,"DOMINOS PIZZA","1112 SR 20",INTERLACHEN,32148,2236512,1,Food,"Routine - Food","Inspection Completed - No Further Action",9/24/2012,1,2,3,,,,Y,0,0,0,0,0,0,0,0,0,0,0,1,0,1,0,0,0,0,0,0,0,0,0,1,0,0,0,0,0,0,0,0,0,0,0,0,0,0,0,0,0,0,0,0,0,0,0,0,0,0,0,0,0,0,0,0,0,0,4400286,4728508
D5,65,"St. Johns",2010,6500662,"FIVE STAR PIZZA","987 S PONCE DE LEON BLVD","SAINT AUGUSTINE",32084,2218564,1,Food,"Routine - Food","Warning Issued",9/24/2012,7,2,9,,,,Y,0,1,0,0,0,0,0,1,0,0,0,1,0,0,0,0,0,0,0,1,0,0,1,1,0,0,0,0,0,0,0,0,0,0,0,0,0,0,0,0,2,0,0,0,0,0,0,0,0,0,0,0,1,0,0,0,0,0,3949522,4704811
D5,65,"St. Johns",2010,6501129,"SUBWAY #1920","1835 US 1 SOUTH #131","ST AUGUSTINE",32086,2175381,1,Food,"Routine - Food","Inspection Completed - No Further Action",9/24/2012,1,3,4,,,,Y,0,0,0,0,0,0,0,0,0,0,0,1,0,0,0,0,0,1,0,0,0,0,2,0,0,0,0,0,0,0,0,0,0,0,0,0,0,0,0,0,0,0,0,0,0,0,0,0,0,0,0,0,0,0,0,0,0,0,2246074,4640673
D5,65,"St. Johns",2010,6501205,"CHECKERS #3276","1000 PONCE DE LEON","SAINT AUGUSTINE",32084,2220605,1,Food,"Routine - Food","Inspection Completed - No Further Action",9/24/2012,4,2,6,,,,Y,0,0,1,0,1,0,0,1,0,0,0,0,0,1,0,0,0,0,0,0,0,1,0,0,0,0,0,0,0,0,0,0,0,0,0,0,1,0,0,0,0,0,0,0,0,0,0,0,0,0,0,0,0,0,0,0,0,0,4009549,4707506
D5,65,"St. Johns",2010,6501293,"CIMARRONE GOLF CLUB","2800 CIMARRONE BLVD","ST. JOHNS",32259,2220216,1,Food,"Routine - Food","Inspection Completed - No Further Action",9/24/2012,5,1,6,,,,Y,1,1,1,1,0,0,0,0,0,0,0,0,0,0,0,0,0,0,0,0,0,0,1,0,0,0,0,0,0,0,0,0,0,0,0,0,0,0,0,0,1,0,0,0,0,0,0,0,0,0,0,0,0,0,0,0,0,0,3982647,4707001
D5,65,"St. Johns",2010,6501580,"GOLF CLUB AT SOUTH HAMPTON","315 S HAMPTON CLUB WAY","SAINT AUGUSTINE",32092,2247876,1,Food,"Routine - Food","Inspection Completed - No Further Action",9/24/2012,9,3,12,,,,Y,0,2,0,0,2,0,0,1,0,0,0,0,0,0,0,0,0,0,0,0,0,0,1,1,1,0,0,0,0,0,0,1,0,0,0,0,0,0,0,0,2,0,0,0,0,0,0,0,0,0,0,0,1,0,0,0,0,0,5309917,4744308
D5,65,"St. Johns",2010,6501648,"CHINA WOK","2220 COUNTY ROAD 210 W #307","TOWN OF ST. JOHNS",32259,2207686,1,Food,"Routine - Food","Inspection Completed - No Further Action",9/24/2012,5,3,8,,,,Y,0,1,0,0,0,0,0,4,0,0,0,0,0,1,0,0,0,0,0,0,0,0,1,0,0,0,0,0,0,0,0,0,0,0,0,0,0,0,0,0,0,0,0,0,0,0,0,0,0,0,1,0,0,0,0,0,0,0,3578583,4690376
D5,65,"St. Johns",2010,6501658,"TAPS BAR & GRILL","2220 SR 210 WEST STE#313/314",JACKSONVILLE,32259,2218892,1,Food,"Routine - Food","Inspection Completed - No Further Action",9/24/2012,17,3,20,,,,Y,0,0,1,1,1,0,0,3,0,0,0,2,0,0,0,0,1,1,0,1,0,1,1,0,0,0,0,0,1,0,2,0,0,0,3,0,0,0,0,0,0,0,0,0,0,0,0,0,0,0,0,0,1,0,0,0,0,0,3922419,4705268
D5,65,"St. Johns",2010,6501685,"DOMINO'S PIZZA # 3140","2220 CR 210 W # 103",JACKSONVILLE,32259,2193827,1,Food,"Routine - Food","Inspection Completed - No Further Action",9/24/2012,3,0,3,,,,Y,0,0,0,0,0,0,0,0,0,0,0,1,0,0,0,0,0,0,0,0,0,0,0,0,0,0,0,0,0,1,0,0,0,0,0,0,0,0,0,0,0,0,0,0,0,0,0,0,0,1,0,0,0,0,0,0,0,0,2566051,4670290
D5,65,"St. Johns",2010,6501696,"SONIC DRIVE IN #4975","704 E GEOFFREY","SAINT AUGUSTINE",32086,2238638,1,Food,"Routine - Food","Inspection Completed - No Further Action",9/24/2012,1,3,4,,,,Y,0,0,0,0,0,0,0,0,0,0,0,0,0,0,0,0,0,1,0,0,0,1,1,1,0,0,0,0,0,0,0,0,0,0,0,0,0,0,0,0,0,0,0,0,0,0,0,0,0,0,0,0,0,0,0,0,0,0,4410459,4731382
D5,65,"St. Johns",2010,6501856,"HURRICANE GRILL & WINGS","3055 COUNTY RD 210 WEST SUITE 101",JACKSONVILLE,32259,2207858,1,Food,"Routine - Food","Inspection Completed - No Further Action",9/24/2012,5,3,8,,,,Y,0,1,0,0,0,0,0,0,0,0,0,0,0,0,0,0,0,1,0,0,0,1,0,1,1,0,0,0,0,0,0,0,0,0,0,0,0,0,0,0,2,0,0,0,0,0,0,0,0,1,0,0,0,0,0,0,0,0,3579895,4690622
D5,71,Suwannee,2010,7100070,"KENS BAR-B-Q OF LIVE OAK","1536 S OHIO AVE","LIVE OAK",320604522,2190659,1,Food,"Routine - Food","Inspection Completed - No Further Action",9/24/2012,6,2,8,,,,Y,0,1,1,1,1,0,0,1,0,0,0,1,0,1,0,0,0,0,0,0,0,0,0,1,0,0,0,0,0,0,0,0,0,0,0,0,0,0,0,0,0,0,0,0,0,0,0,0,0,0,0,0,0,0,0,0,0,0,2252408,4665883
D5,71,Suwannee,2010,7100175,"LITTLE CAESARS LIVE OAK","1540 S OHIO AVE","LIVE OAK",320604522,2175033,1,Food,"Routine - Food","Inspection Completed - No Further Action",9/24/2012,2,0,2,,,,Y,0,1,0,0,0,0,0,0,0,0,0,0,0,0,0,0,0,0,0,0,0,0,0,0,0,0,0,0,0,0,0,0,0,0,0,0,0,0,0,0,0,0,0,0,0,0,0,0,0,0,0,0,1,0,0,0,0,0,2252516,4640161
D5,71,Suwannee,2010,7100255,"CHINATOWN CHINESE REST","1546 OHIO AVE S","LIVE OAK",32060,2185480,1,Food,"Routine - Food","Inspection Completed - No Further Action",9/24/2012,3,2,5,,,,Y,0,0,0,0,0,0,0,1,0,0,0,0,0,0,0,0,0,0,0,0,0,0,0,1,1,0,0,0,0,1,0,0,0,0,1,0,0,0,0,0,0,0,0,0,0,0,0,0,0,0,0,0,0,0,0,0,0,0,2252566,4657216
D5,71,Suwannee,2010,7100289,"JAVA JAX","1538 S OHIO AVE","LIVE OAK",32064,2250933,1,Food,"Routine - Food","Warning Issued",9/24/2012,8,6,14,,,,Y,0,1,0,0,1,0,0,1,0,1,0,0,1,1,0,1,0,1,0,0,0,1,1,0,1,0,0,0,0,0,0,1,0,0,0,0,0,0,0,0,0,0,0,0,0,0,0,0,0,0,0,0,2,0,0,0,0,0,5368965,4748746
D5,71,Suwannee,2010,7100299,SUBWAY,"1530 OHIO AVENUE","LIVE OAK",32060,2214490,1,Food,"Routine - Food","Inspection Completed - No Further Action",9/24/2012,2,1,3,,,,Y,0,0,0,0,0,0,0,0,0,0,0,0,0,0,0,0,0,0,0,0,0,0,0,1,0,0,0,0,0,0,0,1,0,0,0,0,0,0,0,0,0,0,0,0,0,0,0,0,0,1,0,0,0,0,0,0,0,0,3822023,4699462
D5,71,Suwannee,2010,7100318,SAKURA,"1548 S OHIO AVE","LIVE OAK",32064,2241682,1,Food,"Routine - Food","Warning Issued",9/24/2012,4,4,8,,,,Y,0,0,1,0,0,0,0,0,0,0,0,1,0,1,1,0,0,1,0,0,0,0,0,1,0,0,0,0,0,0,0,0,0,0,1,0,0,0,0,0,0,0,0,0,0,0,0,0,1,0,0,0,0,0,0,0,0,0,4466159,4735697
D5,11,Alachua,2010,1101280,"CLOCK RESTAURANT","2010 N MAIN ST",GAINESVILLE,326093696,2256320,2,Food,"Complaint Full","Call Back - Complied",9/25/2012,0,0,0,,,,N,0,0,0,0,0,0,0,0,0,0,0,0,0,0,0,0,0,0,0,0,0,0,0,0,0,0,0,0,0,0,0,0,0,0,0,0,0,0,0,0,0,0,0,0,0,0,0,0,0,0,0,0,0,0,0,0,0,0,2129170,4809910
D5,11,Alachua,2010,1101940,"TASTY BUDDHA WEST","2410 NW 43 ST",GAINESVILLE,32606,2236660,2,Food,"Complaint Full","Call Back - Complied",9/25/2012,0,0,0,,,,N,0,0,0,0,0,0,0,0,0,0,0,0,0,0,0,0,0,0,0,0,0,0,0,0,0,0,0,0,0,0,0,0,0,0,0,0,0,0,0,0,0,0,0,0,0,0,0,0,0,0,0,0,0,0,0,0,0,0,4389232,4809917
D5,11,Alachua,2010,1102255,"OUTBACK STEAKHOUSE #1020","3536 SW ARCHER RD",GAINESVILLE,32608,2221714,1,Food,"Routine - Food","Inspection Completed - No Further Action",9/25/2012,2,3,5,,,,Y,0,0,0,0,0,0,0,0,0,0,0,0,0,1,0,0,0,0,0,0,0,1,1,1,0,0,0,0,0,0,0,0,0,0,0,0,0,0,0,0,1,0,0,0,0,0,0,0,0,0,0,0,0,0,0,0,0,0,4046943,4708973
D5,11,Alachua,2010,1102255,"OUTBACK STEAKHOUSE #1020","3536 SW ARCHER RD",GAINESVILLE,32608,2160470,2,Food,"Complaint Full","Call Back - Complied",9/25/2012,0,1,1,,,,Y,0,0,0,0,0,0,0,0,0,0,0,0,0,0,0,0,0,0,0,0,0,0,0,1,0,0,0,0,0,0,0,0,0,0,0,0,0,0,0,0,0,0,0,0,0,0,0,0,0,0,0,0,0,0,0,0,0,0,4046943,4609690
D5,11,Alachua,2010,1102907,"HUNGRY HOWIES #232","3420 SW ARCHER ROAD",GAINESVILLE,32608,2239181,1,Food,"Routine - Food","Inspection Completed - No Further Action",9/25/2012,2,0,2,,,,Y,0,0,0,0,0,0,0,0,0,0,0,1,0,0,0,0,0,0,0,0,0,0,0,0,0,0,0,0,0,0,0,0,0,0,0,0,0,0,0,0,1,0,0,0,0,0,0,0,0,0,0,0,0,0,0,0,0,0,4398493,4732165
D5,11,Alachua,2010,1103014,"BONEFISH GRILL #7070","3237 SW 35 BLVD",GAINESVILLE,32608,2117761,2,Food,"Routine - Food","Call Back - Complied",9/25/2012,0,0,0,,,,Y,0,0,0,0,0,0,0,0,0,0,0,0,0,0,0,0,0,0,0,0,0,0,0,0,0,0,0,0,0,0,0,0,0,0,0,0,0,0,0,0,0,0,0,0,0,0,0,0,0,0,0,0,0,0,0,0,0,0,4047013,4614035
D5,11,Alachua,2010,1103014,"BONEFISH GRILL #7070","3237 SW 35 BLVD",GAINESVILLE,32608,2221760,1,Food,"Routine - Food","Inspection Completed - No Further Action",9/25/2012,2,2,4,,,,Y,0,0,1,1,0,0,0,0,0,0,0,0,0,0,0,0,0,0,0,0,0,0,0,2,0,0,0,0,0,0,0,0,0,0,0,0,0,0,0,0,0,0,0,0,0,0,0,0,0,0,0,0,0,0,0,0,0,0,4047013,4709019
D5,11,Alachua,2010,1103128,"SPRINGHILL SUITES BY MARRIOTT","4155 SW 40 BLVD",GAINESVILLE,32608,2210022,1,Food,"Routine - Food","Inspection Completed - No Further Action",9/25/2012,1,1,2,,,,Y,0,0,0,0,0,0,0,0,0,1,0,0,0,0,0,0,0,0,0,0,0,0,0,0,0,0,0,0,0,0,0,0,0,0,0,0,0,0,0,0,0,0,0,0,0,0,0,0,0,0,0,0,1,0,0,0,0,0,3672717,4693512
D5,20,Clay,2010,2000687,"PREVATT'S SPORTS BAR & GRILL LLC","2620 BLANDING BLVD",MIDDLEBURG,32068,2229735,2,Food,"Routine - Food","Call Back - Complied",9/25/2012,0,0,0,,,,N,0,0,0,0,0,0,0,0,0,0,0,0,0,0,0,0,0,0,0,0,0,0,0,0,0,0,0,0,0,0,0,0,0,0,0,0,0,0,0,0,0,0,0,0,0,0,0,0,0,0,0,0,0,0,0,0,0,0,4226297,4809913
D5,20,Clay,2010,2000827,"CHILI'S ORANGE PARK FLORIDA","1664 WELLS RD","ORANGE PARK",320732318,2168299,1,Food,"Routine - Food","Warning Issued",9/25/2012,7,3,10,,,,Y,0,0,0,0,0,0,0,1,1,1,0,3,0,0,0,0,0,0,0,0,0,1,1,0,0,0,0,0,0,0,1,0,0,0,0,0,0,0,0,0,0,0,0,0,0,0,0,0,0,0,1,0,0,0,0,0,0,0,2151016,4629541
D5,20,Clay,2010,2000908,"THAI CAFE 17","1177 PARK AVE UNIT 4","ORANGE PARK",32073,2201713,1,Food,"Routine - Food","Inspection Completed - No Further Action",9/25/2012,10,3,13,,,,Y,0,0,0,0,0,1,0,5,0,0,0,1,0,1,0,0,0,1,0,0,0,0,0,0,0,0,0,0,0,0,1,0,0,0,1,0,1,0,0,0,1,0,0,0,0,0,0,0,0,0,0,0,0,0,0,0,0,0,2425170,4682165
D5,20,Clay,2010,2001170,"HILTON GARDEN INN","145 PARK AVE","ORANGE PARK",32073,2208300,1,Food,"Routine - Food","Inspection Completed - No Further Action",9/25/2012,4,2,6,,,,Y,1,0,0,0,0,0,0,0,0,0,0,0,0,1,0,0,0,0,0,0,0,1,0,1,0,0,0,0,0,0,1,0,0,0,1,0,0,0,0,0,0,0,0,0,0,0,0,0,0,0,0,0,0,0,0,0,0,0,3586398,4691196
D5,26,Duval,2010,2600178,"JOSEPH'S PIZZA","7316 MAIN ST",JACKSONVILLE,322084124,2169362,1,Food,"Routine - Food","Inspection Completed - No Further Action",9/25/2012,6,4,10,,,,Y,0,0,0,0,0,0,0,1,0,0,0,0,0,0,2,0,0,0,0,0,1,2,1,0,0,0,0,0,0,0,2,1,0,0,0,0,0,0,0,0,0,0,0,0,0,0,0,0,0,0,0,0,0,0,0,0,0,0,2173484,4631527
D5,26,Duval,2010,2600710,"HARDEE'S #1501485","909 ARLINGTON RD",JACKSONVILLE,322115955,2187515,1,Food,"Routine - Food","Warning Issued",9/25/2012,1,6,7,,,,Y,0,0,0,0,0,0,0,0,0,0,0,0,0,0,0,0,0,1,0,0,0,0,1,0,0,0,0,0,0,0,0,0,0,0,0,2,1,0,0,0,0,0,0,0,0,0,0,0,0,0,1,0,1,0,0,0,0,0,2173964,4660734
D5,26,Duval,2010,2607729,"HALA ARABIC BAKERY & SANDWICHS","4323 S UNIVERSITY BLVD",JACKSONVILLE,322164909,2256719,1,Food,"Complaint Full","Inspection Completed - No Further Action",9/25/2012,14,4,18,,,,Y,1,0,1,0,0,0,0,3,0,1,0,2,0,1,1,0,0,0,0,1,0,4,0,1,0,0,0,0,0,1,0,0,0,0,0,0,0,0,0,0,0,0,0,0,0,0,0,0,0,1,0,0,0,0,0,0,0,0,2174825,4809499
D5,26,Duval,2010,2608482,"POPEYES CHICKEN & BISCUITS#156","524 ATLANTIC BLVD","NEPTUNE BCH",322664024,2180206,1,Food,"Routine - Food","Inspection Completed - No Further Action",9/25/2012,2,1,3,,,,Y,0,0,0,0,0,0,0,0,0,0,0,0,0,0,0,0,0,0,0,1,0,0,0,0,0,0,0,0,1,0,0,0,0,0,1,0,0,0,0,0,0,0,0,0,0,0,0,0,0,0,0,0,0,0,0,0,0,0,2174986,4649126
D5,26,Duval,2010,2609053,"THE OAKS SANDWICH SHOP","7960 ARLINGTON EXPRESSWAY",JACKSONVILLE,32225,2206303,1,Food,"Routine - Food","Inspection Completed - No Further Action",9/25/2012,8,1,9,,,,Y,1,1,3,0,0,0,0,0,0,0,0,1,0,0,0,0,0,0,0,0,1,1,0,0,0,0,0,0,0,0,0,1,0,0,0,0,0,0,0,0,0,0,0,0,0,0,0,0,0,0,0,0,0,0,0,0,0,0,3495948,4688514
D5,26,Duval,2010,2609228,O'MALLEY'S,"9735 OLD ST AUGUSTINE RD6",JACKSONVILLE,32257,2179247,1,Food,"Routine - Food","Inspection Completed - No Further Action",9/25/2012,4,2,6,,,,Y,0,0,0,0,0,0,0,0,0,0,0,0,0,0,0,0,0,0,0,0,0,2,0,0,0,0,1,0,1,0,0,1,0,0,0,0,0,0,0,0,0,0,0,0,0,0,0,0,0,0,1,0,0,0,0,0,0,0,2175198,4647761
D5,26,Duval,2010,2610613,"CHICK-FIL-A OF THE AVENUES","10300 SOUTHSIDE BLVD #310",JACKSONVILLE,322560746,2170464,1,Food,"Routine - Food","Inspection Completed - No Further Action",9/25/2012,5,1,6,,,,Y,0,0,0,0,0,0,0,0,0,0,0,1,0,0,0,0,0,0,0,0,0,3,0,0,1,0,0,0,0,0,0,1,0,0,0,0,0,0,0,0,0,0,0,0,0,0,0,0,0,0,0,0,0,0,0,0,0,0,2175572,4633351
D5,26,Duval,2010,2611098,"BIG EASY CAJUN","9501 ARLINGTON BLVD #16D",JACKSONVILLE,322258249,2187805,2,Food,"Routine - Food","Call Back - Complied",9/25/2012,0,0,0,,,,N,0,0,0,0,0,0,0,0,0,0,0,0,0,0,0,0,0,0,0,0,0,0,0,0,0,0,0,0,0,0,0,0,0,0,0,0,0,0,0,0,0,0,0,0,0,0,0,0,0,0,0,0,0,0,0,0,0,0,2175750,4809907
D5,26,Duval,2010,2611363,"BEST WESTERN BREAKFAST ROOM","4660 SALISBURY RD",JACKSONVILLE,32256,2222190,1,Food,"Routine - Food","Inspection Completed - No Further Action",9/25/2012,2,1,3,,,,Y,0,1,0,0,0,0,0,1,0,0,0,0,0,0,0,0,0,0,0,0,0,0,0,0,1,0,0,0,0,0,0,0,0,0,0,0,0,0,0,0,0,0,0,0,0,0,0,0,0,0,0,0,0,0,0,0,0,0,4044267,4709522
D5,26,Duval,2010,2611391,"COUNTRY CABIN","1401 DUNN AVE",JACKSONVILLE,322184835,2256712,1,Food,"Complaint Full","Inspection Completed - No Further Action",9/25/2012,1,4,5,,,,Y,0,0,0,0,0,0,0,1,0,0,0,0,0,1,2,0,0,0,0,0,0,0,0,0,0,0,0,0,0,0,0,0,0,0,0,1,0,0,0,0,0,0,0,0,0,0,0,0,0,0,0,0,0,0,0,0,0,0,2175909,4809460
D5,26,Duval,2010,2611595,"AL'S PIZZA","303 ATLANTIC BLVD","ATLANTIC BEACH",322335277,2179443,1,Food,"Routine - Food","Inspection Completed - No Further Action",9/25/2012,4,1,5,,,,Y,1,1,1,0,0,0,0,0,0,0,0,0,0,1,0,0,0,0,0,0,0,0,0,0,0,0,0,0,0,0,0,0,0,0,0,0,0,0,0,0,1,0,0,0,0,0,0,0,0,0,0,0,0,0,0,0,0,0,2175965,4648040
D5,26,Duval,2010,2611675,"GENES SEAFOOD","6132 MERRILL RD C-6",JACKSONVILLE,32277,2248058,2,Food,"Routine - Food","Call Back - Complied",9/25/2012,1,1,2,,,,Y,0,0,0,0,0,0,0,0,0,0,0,0,0,0,0,0,0,0,0,0,0,1,1,0,0,0,0,0,0,0,0,0,0,0,0,0,0,0,0,0,0,0,0,0,0,0,0,0,0,0,0,0,0,0,0,0,0,0,5323503,4776051
D5,26,Duval,2010,2611704,"KRYSTAL COMPANY JAX-19","8015 MERRILL RD",JACKSONVILLE,322773718,2169980,1,Food,"Routine - Food","Inspection Completed - No Further Action",9/25/2012,6,4,10,,,,Y,1,0,1,1,1,0,0,0,0,0,0,0,0,1,0,0,0,1,0,0,0,2,1,0,0,0,0,0,0,0,0,0,0,0,0,0,1,0,0,0,0,0,0,0,0,0,0,0,0,0,0,0,0,0,0,0,0,0,2176048,4632566
D5,26,Duval,2010,2611767,"KENTUCKY FRIED CHICKEN Y309044","8003 MERRILL RD",JACKSONVILLE,322773718,2179713,1,Food,"Routine - Food","Inspection Completed - No Further Action",9/25/2012,1,1,2,,,,Y,0,0,0,0,0,0,0,0,0,0,0,0,0,0,0,0,0,0,0,0,0,0,0,1,0,0,0,0,0,0,0,0,0,0,1,0,0,0,0,0,0,0,0,0,0,0,0,0,0,0,0,0,0,0,0,0,0,0,2176093,4648415
D5,26,Duval,2010,2611905,"APPETITES CAFE & CATERING","815 S MAIN ST",JACKSONVILLE,32207,2198097,1,Food,"Routine - Food","Inspection Completed - No Further Action",9/25/2012,8,3,11,,,,Y,0,2,2,0,1,0,0,0,0,0,0,1,0,0,0,0,0,0,0,0,0,2,1,1,0,0,0,0,0,0,0,0,0,0,0,0,1,0,0,0,0,0,0,0,0,0,0,0,0,0,0,0,0,0,0,0,0,0,3053606,4676606
D5,26,Duval,2010,2612183,"BEACH DINER","501 ATLANTIC BLVD","ATLANTIC BCH",32233,2180347,1,Food,"Routine - Food","Inspection Completed - No Further Action",9/25/2012,7,4,11,,,,Y,0,1,0,0,0,0,0,3,0,1,0,2,0,0,0,0,0,0,0,0,0,1,0,1,0,0,0,0,1,0,0,0,0,0,0,0,0,0,0,1,0,0,0,0,0,0,0,0,0,0,0,0,0,0,0,0,0,0,2176472,4649367
D5,26,Duval,2010,2612381,"SOUTHERN GRILL OF JAX (THE)","800 FLAGLER AVE",JACKSONVILLE,32207,2179361,1,Food,"Routine - Food","Warning Issued",9/25/2012,13,5,18,,,,Y,0,1,1,1,1,0,0,2,0,0,0,2,0,0,1,0,0,0,0,0,0,2,0,2,0,0,0,0,0,0,0,0,0,0,0,0,1,1,0,0,1,0,0,0,0,0,0,1,0,0,0,0,1,0,0,0,0,0,2176670,4647911
D5,26,Duval,2010,2612482,"POE'S TAVERN","363 ATLANTIC BLVD #1","ATLANTIC BEACH",32233,2242068,1,Food,"Routine - Food","Inspection Completed - No Further Action",9/25/2012,8,3,11,,,,Y,0,0,0,0,0,0,0,0,1,1,0,4,0,0,0,0,0,0,0,0,0,0,0,1,0,0,1,0,0,0,1,1,0,0,0,0,0,0,0,1,0,0,0,0,0,0,0,0,0,0,0,0,0,0,0,0,0,0,4442785,4736231
D5,26,Duval,2010,2613096,"PIZZA HUT #4274","6140 MERRILL RD",JACKSONVILLE,32277,2247101,2,Food,"Routine - Food","Call Back - Complied",9/25/2012,0,0,0,,,,Y,0,0,0,0,0,0,0,0,0,0,0,0,0,0,0,0,0,0,0,0,0,0,0,0,0,0,0,0,0,0,0,0,0,0,0,0,0,0,0,0,0,0,0,0,0,0,0,0,0,0,0,0,0,0,0,0,0,0,5293909,4776065
D5,26,Duval,2013,2613271,"KITCHEN STUDIO 47","3144 SPRING PARK RD",JACKSONVILLE,32207,1098588,1,Food,"Routine - Food","Inspection Completed - No Further Action",9/25/2012,9,1,10,,,,Y,1,1,1,0,0,0,0,0,0,0,0,0,0,0,0,0,0,0,0,0,0,0,0,0,1,0,0,0,0,1,0,3,0,0,1,0,0,0,0,0,0,0,0,0,0,0,0,0,0,0,0,0,1,0,0,0,0,0,5331629,4772609
D5,26,Duval,2010,2613319,"HEALTHY EATS","10300 SOUTHSIDE BLVD #308",JACKSONVILLE,32256,2221120,1,Food,"Routine - Food","Warning Issued",9/25/2012,9,2,11,,,,Y,0,1,1,0,1,0,0,0,0,0,0,3,0,0,1,0,0,0,0,0,0,0,0,1,0,0,0,0,0,1,0,0,0,0,0,0,0,0,0,0,0,0,0,0,0,0,0,0,0,0,0,0,2,0,0,0,0,0,4027774,4708152
D5,26,Duval,2010,2613476,SUBWAY,"9542 ARGYLE FOREST BLVD STE C-16",JACKSONVILLE,32244,2194969,1,Food,"Routine - Food","Inspection Completed - No Further Action",9/25/2012,3,1,4,,,,Y,0,0,0,0,0,0,0,0,0,0,0,2,0,0,0,0,0,0,0,0,0,0,0,1,0,0,0,0,0,0,0,0,0,0,0,0,0,0,0,0,0,0,0,0,0,0,0,0,0,0,0,0,1,0,0,0,0,0,2745931,4671876
D5,26,Duval,2010,2613560,"BLUE CYPRESS GOLF CLUB","4012-5 S UNIVERSITY BLVD",JACKSONVILLE,32277,2195993,3,Food,"Routine - Food","Call Back - Complied",9/25/2012,0,0,0,,,,N,0,0,0,0,0,0,0,0,0,0,0,0,0,0,0,0,0,0,0,0,0,0,0,0,0,0,0,0,0,0,0,0,0,0,0,0,0,0,0,0,0,0,0,0,0,0,0,0,0,0,0,0,0,0,0,0,0,0,2848235,4809940
D5,26,Duval,2010,2613714,"KAN-KI II JAPANESE STEAKHOUSE","11148 SAN JOSE BLVD",JACKSONVILLE,32223,2198049,1,Food,"Routine - Food","Inspection Completed - No Further Action",9/25/2012,5,3,8,,,,Y,0,0,0,0,0,0,0,1,0,1,0,1,0,0,0,0,0,0,0,0,1,2,0,0,0,0,0,0,0,0,0,1,0,0,0,0,0,0,0,0,0,0,0,0,0,0,0,0,0,0,1,0,0,0,0,0,0,0,3056462,4676539
D5,26,Duval,2010,2613812,"RACK 'EM UP BILLIARDS","1825 UNIVERSITY BLVD N",JACKSONVILLE,32211,2199877,1,Food,"Routine - Food","Administrative complaint recommended",9/25/2012,4,4,8,,,,Y,0,0,0,0,1,0,0,0,0,0,0,0,0,0,0,0,0,1,0,0,0,0,1,0,0,0,0,0,0,0,0,1,0,0,0,0,0,0,0,0,1,0,0,0,0,0,0,0,0,0,2,0,1,0,0,0,0,0,3203536,4679430
D5,26,Duval,2010,2613812,"RACK 'EM UP BILLIARDS","1825 UNIVERSITY BLVD N",JACKSONVILLE,32211,2092305,2,Food,"Routine - Food","Call Back - Complied",9/25/2012,4,1,5,,,,N,0,0,0,0,0,0,0,0,0,0,0,0,0,0,0,0,0,0,0,0,0,1,0,0,0,0,0,0,0,0,0,1,0,0,0,0,0,0,0,0,1,0,0,0,0,0,0,0,0,0,1,0,1,0,0,0,0,0,3203536,4563614
D5,26,Duval,2010,2613843,"GATOR'S DOCKSIDE","9680 ARGYLE FOREST BLVD #001",JACKSONVILLE,32222,2256614,1,Food,"Complaint Full","Inspection Completed - No Further Action",9/25/2012,6,5,11,,,,Y,0,0,0,0,0,0,0,1,0,2,0,1,0,0,1,0,0,0,0,0,0,1,1,0,1,0,0,0,0,1,1,1,0,0,0,0,0,0,0,0,0,0,0,0,0,0,0,0,0,0,0,0,0,0,0,0,0,0,3244958,4808596
D5,26,Duval,2010,2614075,"HOT WOK","3715 EMERSON ST",JACKSONVILLE,32207,2209068,1,Food,"Routine - Food","Inspection Completed - No Further Action",9/25/2012,15,4,19,,,,Y,0,2,1,0,0,0,0,4,0,0,0,3,0,0,0,0,0,0,0,1,0,1,2,1,1,0,0,0,0,0,1,2,0,0,0,0,0,0,0,0,0,0,0,0,0,0,0,0,0,0,0,0,0,0,0,0,0,0,3636455,4692218
D5,26,Duval,2010,2614091,"DENNY'S RESTAURANT #8008","13874 BEACH BLVD",JACKSONVILLE,32224,2256718,1,Food,"Complaint Full","Inspection Completed - No Further Action",9/25/2012,6,4,10,,,,Y,0,0,1,0,0,0,0,0,0,0,0,2,0,0,1,0,0,0,0,1,0,1,1,1,0,0,0,0,0,1,0,0,0,0,0,0,0,1,0,0,0,0,0,0,0,0,0,0,0,0,0,0,0,0,0,0,0,0,3648091,4809477
D5,26,Duval,2010,2614134,"R &R CRAB HOUSE 2","6120 ARLINGTON RD",JACKSONVILLE,32211,2210713,1,Food,"Routine - Food","Inspection Completed - No Further Action",9/25/2012,4,0,4,,,,Y,2,0,0,0,1,0,0,0,0,0,0,0,0,0,0,0,1,0,0,0,0,0,0,0,0,0,0,0,0,0,0,0,0,0,0,0,0,0,0,0,0,0,0,0,0,0,0,0,0,0,0,0,0,0,0,0,0,0,3692740,4694423
D5,26,Duval,2010,2614491,"OHANA HAWAIIAN SHAVED ICE","469 -12 ATLANTIC BLVD","ATLANTIC BEACH",32233,2228451,1,Food,"Routine - Food","Inspection Completed - No Further Action",9/25/2012,7,2,9,,,,Y,0,2,0,0,0,0,0,0,0,0,0,0,0,0,0,0,1,0,0,0,0,1,0,0,1,0,2,0,0,0,0,0,0,0,1,0,0,0,0,1,0,0,0,0,0,0,0,0,0,0,0,0,0,0,0,0,0,0,4185851,4717536
D5,26,Duval,2010,2614573,"JIMMY JOHNS TASTY SANDWICHES","363 ATLANTIC BLVD STE 14","ATLANTIC BEACH",32233,2234014,1,Food,"Routine - Food","Inspection Completed - No Further Action",9/25/2012,2,4,6,,,,Y,0,0,0,0,0,0,0,0,0,1,0,1,0,0,0,0,0,0,0,0,0,0,0,1,0,0,0,0,0,0,0,0,0,0,0,0,0,0,0,1,0,0,0,0,0,1,0,0,0,0,1,0,0,0,0,0,0,0,4277188,4725163
D5,26,Duval,2010,2614615,"WENDY'S #78","7663 MERRILL RD",JACKSONVILLE,32277,2231566,1,Food,"Routine - Food","Inspection Completed - No Further Action",9/25/2012,1,2,3,,,,Y,0,0,0,0,0,0,0,0,0,0,0,0,0,0,0,0,0,0,0,0,1,1,0,1,0,0,0,0,0,0,0,0,0,0,0,0,0,0,0,0,0,0,0,0,0,0,0,0,0,0,0,0,0,0,0,0,0,0,4333532,4721859
D5,26,Duval,2010,2614707,"MEXICALI BAKERY & RESTAURANT","4301 UNIVERSITY BLVD SOUTH",JACKSONVILLE,32216,2241824,1,Food,"Routine - Food","Emergency order recommended",9/25/2012,8,1,9,,,,Y,1,0,0,0,0,0,0,2,0,0,0,0,0,0,0,0,0,0,0,0,0,1,0,0,0,0,0,0,0,0,0,0,0,0,3,0,1,0,0,0,1,0,0,0,0,0,0,0,0,0,0,0,0,0,0,0,0,0,4470446,4735883
D5,26,Duval,2010,2614752,"DB BILLIARDS","7001 MERRILL ROAD #15-17",JACKSONVILLE,32277,2244429,1,Food,"Routine - Food","Inspection Completed - No Further Action",9/25/2012,3,5,8,,,,Y,0,0,0,0,0,0,0,2,0,0,0,0,0,2,1,0,0,0,0,0,0,0,1,0,0,0,0,0,0,0,0,0,0,0,0,0,0,0,0,0,0,0,0,0,0,0,0,0,0,0,1,0,1,0,0,0,0,0,5278585,4739469
D5,26,Duval,2010,2614825,"REBOUNDERZ OF JACKSONVILLE","14985 OLD ST AUGUSTINE RD STE 123",JACKSONVILLE,32258,2252484,1,Food,"Food-Licensing Inspection","Inspection Completed - No Further Action",9/25/2012,3,0,3,,,,Y,0,0,0,0,0,0,0,1,0,0,0,0,0,0,0,0,0,0,0,0,0,0,0,0,0,0,0,0,0,0,0,1,0,0,0,0,0,0,0,0,0,0,0,0,0,0,0,0,0,0,0,0,1,0,0,0,0,0,5393102,4753738
D5,28,Flagler,2010,2800010,"CHICKEN PANTRY RESTAURANT","1105 S STATE ST",BUNNELL,32110,2200627,1,Food,"Routine - Food","Inspection Completed - No Further Action",9/25/2012,5,8,13,,,,Y,0,1,0,0,0,1,0,1,0,1,0,0,0,3,0,0,0,0,0,0,0,1,1,0,1,0,0,0,1,0,0,1,0,0,0,0,0,1,0,0,0,0,0,0,0,0,0,0,0,0,0,0,0,0,0,0,0,0,3267984,4680611
D5,28,Flagler,2010,2800558,"HIGH JACKERS RESTAURANT","202 AIRPORT RD","PALM COAST",32164,2188326,1,Food,"Routine - Food","Inspection Completed - No Further Action",9/25/2012,9,6,15,,,,Y,0,1,1,0,0,0,0,2,0,1,0,0,0,1,1,0,0,0,0,0,1,1,0,0,0,0,0,0,0,0,0,0,0,0,2,1,1,0,0,0,2,0,0,0,0,0,0,0,0,0,0,0,0,0,0,0,0,0,2180409,4662283
D5,28,Flagler,2010,2800728,"D'S CAFE","21 HOSPITAL DR STE 210","PALM COAST",32164,2251859,1,Food,"Routine - Food","Inspection Completed - No Further Action",9/25/2012,3,3,6,,,,Y,0,0,0,0,0,0,0,1,0,0,0,1,1,1,0,0,0,0,0,0,0,0,0,0,1,0,0,1,0,0,0,0,0,0,0,0,0,0,0,0,0,0,0,0,0,0,0,0,0,0,0,0,0,0,0,0,0,0,5370491,4750114
D5,34,Hamilton,2010,3400137,"HUDDLE HOUSE RESTAURANT #387","8191 SR 6 W",JASPER,32052,2215666,2,Food,"Routine - Food","Call Back - Complied",9/25/2012,0,0,0,,,,Y,0,0,0,0,0,0,0,0,0,0,0,0,0,0,0,0,0,0,0,0,0,0,0,0,0,0,0,0,0,0,0,0,0,0,0,0,0,0,0,0,0,0,0,0,0,0,0,0,0,0,0,0,0,0,0,0,0,0,3846419,4808570
D5,34,Hamilton,2010,3400147,"WHITE SPRINGS BED AND BREAKFAST","16630 SPRING ST","WHITE SPRINGS",32096,2166984,1,Food,"Routine - Food","Inspection Completed - No Further Action",9/25/2012,0,0,0,,,,Y,0,0,0,0,0,0,0,0,0,0,0,0,0,0,0,0,0,0,0,0,0,0,0,0,0,0,0,0,0,0,0,0,0,0,0,0,0,0,0,0,0,0,0,0,0,0,0,0,0,0,0,0,0,0,0,0,0,0,3516511,4627502
D5,34,Hamilton,2014,3450017,"REGIA TAQUERIA","2959 NW CR 141",JENNINGS,32053,1157695,1,Food,"Routine - Food","Inspection Completed - No Further Action",9/25/2012,0,0,0,,,,Y,0,0,0,0,0,0,0,0,0,0,0,0,0,0,0,0,0,0,0,0,0,0,0,0,0,0,0,0,0,0,0,0,0,0,0,0,0,0,0,0,0,0,0,0,0,0,0,0,0,0,0,0,0,0,0,0,0,0,3703982,4694547
D5,48,Levy,2014,4850041,"YUM YUM KITCHEN","9171 SE LEVY COUNTY RD #337",DUNNELLON,34431,1161131,2,Food,"Routine - Food","Call Back - Complied",9/25/2012,0,0,0,,,,Y,0,0,0,0,0,0,0,0,0,0,0,0,0,0,0,0,0,0,0,0,0,0,0,0,0,0,0,0,0,0,0,0,0,0,0,0,0,0,0,0,0,0,0,0,0,0,0,0,0,0,0,0,0,0,0,0,0,0,5243944,4773796
D5,52,Marion,2010,5200466,"WENDYS OLD FASH HAMBURGERS","1536 SW PINE AVE",OCALA,34474,2172020,1,Food,"Routine - Food","Inspection Completed - No Further Action",9/25/2012,7,1,8,,,,Y,1,1,1,0,0,0,0,1,0,0,0,1,0,1,0,0,0,0,0,0,0,0,0,0,0,0,0,0,0,0,0,2,0,0,0,0,0,0,0,0,0,0,0,0,0,0,0,0,0,0,0,0,0,0,0,0,0,0,2201587,4635564
D5,52,Marion,2010,5200620,"PIZZA HUT","10738 SE HWY 441",BELLEVIEW,34420,2226513,1,Food,"Routine - Food","Inspection Completed - No Further Action",9/25/2012,2,1,3,,,,Y,0,0,0,0,0,0,0,1,0,0,0,1,0,0,0,0,0,0,0,0,0,0,0,0,0,0,0,0,0,0,0,0,0,0,0,0,1,0,0,0,0,0,0,0,0,0,0,0,0,0,0,0,0,0,0,0,0,0,4143831,4715031
D5,52,Marion,2010,5201184,MCDONALD'S,"11232 N WILLIAMS ST",DUNNELLON,344328317,2172150,1,Food,"Routine - Food","Inspection Completed - No Further Action",9/25/2012,1,1,2,,,,Y,0,0,0,0,1,0,0,0,0,0,0,0,0,0,0,0,0,0,0,0,1,0,0,0,0,0,0,0,0,0,0,0,0,0,0,0,0,0,0,0,0,0,0,0,0,0,0,0,0,0,0,0,0,0,0,0,0,0,2201718,4635772
D5,52,Marion,2010,5201248,"KENTUCKY FRIED CHICKEN","11583 N WILLIAMS ST",DUNNELLON,34432,2252159,1,Food,"Routine - Food","Inspection Completed - No Further Action",9/25/2012,2,2,4,,,,Y,0,0,0,0,0,1,0,0,0,0,0,0,0,1,0,0,0,0,0,0,0,1,0,0,0,0,0,0,0,0,0,0,0,0,0,0,1,0,0,0,0,0,0,0,0,0,0,0,0,0,0,0,0,0,0,0,0,0,5326416,4750821
D5,52,Marion,2010,5201282,"BURGER KING #5609","1700 S PINE AVE",OCALA,344745147,2181387,1,Food,"Routine - Food","Inspection Completed - No Further Action",9/25/2012,1,1,2,,,,Y,0,0,0,0,0,0,0,1,0,0,0,0,0,1,0,0,0,0,0,0,0,0,0,0,0,0,0,0,0,0,0,0,0,0,0,0,0,0,0,0,0,0,0,0,0,0,0,0,0,0,0,0,0,0,0,0,0,0,2201743,4651011
D5,52,Marion,2010,5201538,"CHILI'S GRILL & BAR #189","3501 SW 36 AVE",OCALA,344744474,2181496,2,Food,"Routine - Food","Call Back - Complied",9/25/2012,0,0,0,,,,Y,0,0,0,0,0,0,0,0,0,0,0,0,0,0,0,0,0,0,0,0,0,0,0,0,0,0,0,0,0,0,0,0,0,0,0,0,0,0,0,0,0,0,0,0,0,0,0,0,0,0,0,0,0,0,0,0,0,0,2201785,4809593
D5,52,Marion,2010,5201613,"AUNT FANNIES RESTAURANT","1031 S PINE ST",OCALA,34474,2209762,1,Food,"Routine - Food","Inspection Completed - No Further Action",9/25/2012,6,4,10,,,,Y,0,0,0,0,0,0,0,1,1,0,0,0,1,1,0,0,0,0,0,0,1,1,0,1,0,0,0,0,0,0,1,0,0,0,0,0,0,0,0,0,1,0,0,0,0,0,0,0,0,0,0,0,1,0,0,0,0,0,3652558,4693151
D5,52,Marion,2010,5201697,"SHUCKERS OYSTER BAR","408 SW 16 ST",OCALA,34474,2218772,1,Food,"Routine - Food","Administrative complaint recommended",9/25/2012,7,3,10,,,,Y,0,1,0,0,1,0,0,0,0,0,0,0,0,1,0,0,0,0,0,0,0,2,1,0,0,1,0,0,0,1,0,1,0,0,0,0,0,0,0,0,0,0,0,0,0,0,0,0,0,1,0,0,0,0,0,0,0,0,3959628,4705100
D5,52,Marion,2010,5201932,"LATINOS Y MAS REST","2030 S PINE AVE",OCALA,344745192,2181799,2,Food,"Routine - Food","Call Back - Complied",9/25/2012,1,1,2,,,,Y,0,0,0,0,0,0,0,0,0,0,0,0,0,1,0,0,0,0,0,0,0,1,0,0,0,0,0,0,0,0,0,0,0,0,0,0,0,0,0,0,0,0,0,0,0,0,0,0,0,0,0,0,0,0,0,0,0,0,2201913,4809133
D5,52,Marion,2010,5202043,"CHICKEN TIME","10819 SE US HWY 441",BELLEVIEW,34420,2252719,1,Food,"Routine - Food","Inspection Completed - No Further Action",9/25/2012,6,1,7,,,,Y,1,3,0,0,0,0,0,1,0,0,0,0,1,0,0,0,0,0,0,0,0,0,0,0,0,0,0,0,0,0,0,0,0,0,0,0,0,0,0,0,1,0,0,0,0,0,0,0,0,0,0,0,0,0,0,0,0,0,5365748,4772090
D5,52,Marion,2010,5202417,WENDY'S,"10410 SE US HWY 441",BELLEVIEW,34420,2180976,1,Food,"Routine - Food","Inspection Completed - No Further Action",9/25/2012,4,1,5,,,,Y,0,0,1,1,1,0,0,0,0,0,0,0,0,0,0,0,0,0,0,0,0,0,0,0,1,0,0,0,0,1,0,0,0,0,0,0,0,0,0,0,0,0,0,0,0,0,0,0,0,0,0,0,0,0,0,0,0,0,2202331,4650377
D5,52,Marion,2010,5202442,"COACHS PUB & EATERY","11582 N WILLIAMS ST",DUNNELLON,34432,2172166,2,Food,"Routine - Food","Call Back - Complied",9/25/2012,0,0,0,,,,Y,0,0,0,0,0,0,0,0,0,0,0,0,0,0,0,0,0,0,0,0,0,0,0,0,0,0,0,0,0,0,0,0,0,0,0,0,0,0,0,0,0,0,0,0,0,0,0,0,0,0,0,0,0,0,0,0,0,0,2202356,4779519
D5,52,Marion,2010,5202468,"441 PIZZERIA INC","10831 US HIGHWAY 441",BELLEVIEW,34420,2249401,1,Food,"Routine - Food","Inspection Completed - No Further Action",9/25/2012,4,3,7,,,,Y,0,0,0,0,0,0,0,0,0,0,0,0,0,0,0,0,1,0,0,0,0,0,0,0,1,0,0,0,1,1,0,1,0,0,0,0,0,1,0,0,0,0,0,0,0,0,0,0,0,0,0,0,1,0,0,0,0,0,5304346,4746550
D5,52,Marion,2010,5202491,"MYRIAM'S RESTAURANT & GRILLE","20359 E PENNSYLVANIA AVE",DUNNELLON,34432,2207956,1,Food,"Routine - Food","Inspection Completed - No Further Action",9/25/2012,2,1,3,,,,Y,0,1,0,0,0,0,0,0,0,0,0,0,0,0,0,0,0,0,0,0,0,1,1,0,0,0,0,0,0,0,0,0,0,0,0,0,0,0,0,0,0,0,0,0,0,0,0,0,0,0,0,0,0,0,0,0,0,0,3593992,4690743
D5,52,Marion,2010,5202678,"GAETANO'S SUBS","11943 N WILLIAMS ST STE-D",DUNNELLON,34432,2238310,1,Food,"Routine - Food","Inspection Completed - No Further Action",9/25/2012,1,1,2,,,,Y,0,1,0,0,0,0,0,0,0,0,0,0,0,0,0,0,0,0,0,0,0,0,0,1,0,0,0,0,0,0,0,0,0,0,0,0,0,0,0,0,0,0,0,0,0,0,0,0,0,0,0,0,0,0,0,0,0,0,4400494,4730966
D5,64,Putnam,2010,6400067,"NANNA'S COUNTRY CAFE","1156 HWY 20",INTERLACHEN,32148,2226971,1,Food,"Routine - Food","Inspection Completed - No Further Action",9/25/2012,9,2,11,,,,Y,0,0,1,1,1,0,0,0,0,0,0,0,0,2,0,0,0,0,0,0,0,3,0,0,0,0,0,0,0,0,0,2,0,0,0,0,0,0,0,0,1,0,0,0,0,0,0,0,0,0,0,0,0,0,0,0,0,0,4158493,4715583
D5,64,Putnam,2010,6400671,"MCDONALD'S RESTAURANT","1154 HWY 20",INTERLACHEN,32148,2184936,1,Food,"Routine - Food","Inspection Completed - No Further Action",9/25/2012,3,4,7,,,,Y,0,0,0,0,0,0,0,0,0,0,0,0,0,1,0,0,0,0,0,0,1,2,0,1,1,0,0,0,0,0,0,0,0,0,0,0,0,0,0,0,1,0,0,0,0,0,0,0,0,0,0,0,0,0,0,0,0,0,2245312,4656367
D5,64,Putnam,2010,6400697,"BRUNO'S NY STYLE PIZZA","103 CHEYENNE AVE",INTERLACHEN,32148,2185032,1,Food,"Routine - Food","Inspection Completed - No Further Action",9/25/2012,3,6,9,,,,Y,0,1,0,0,0,0,0,0,0,1,0,0,0,0,1,0,1,0,0,0,0,0,1,1,0,0,0,0,1,0,0,0,0,0,0,0,0,0,0,1,1,0,0,0,0,0,0,0,0,0,0,0,0,0,0,0,0,0,2245335,4656498
D5,64,Putnam,2010,6400813,"DEANNA'S SNACQUE SHACQUE","127 CR 315 S",INTERLACHEN,32148,2201019,1,Food,"Routine - Food","Inspection Completed - No Further Action",9/25/2012,2,2,4,,,,Y,0,0,0,0,0,0,0,0,0,0,0,0,0,1,0,0,0,1,0,0,0,1,0,0,0,0,0,0,0,0,0,1,0,0,0,0,0,0,0,0,0,0,0,0,0,0,0,0,0,0,0,0,0,0,0,0,0,0,3273314,4681191
D5,64,Putnam,2010,6400819,"POPPIES CAFE","175 CR 315 SOUTH",INTERLACHEN,32148,2206852,1,Food,"Routine - Food","Inspection Completed - No Further Action",9/25/2012,4,1,5,,,,Y,0,1,0,0,0,0,0,0,0,0,0,0,0,0,0,0,0,1,0,0,0,1,0,0,0,0,0,0,0,0,0,0,0,0,0,0,0,0,0,0,1,0,0,0,0,0,0,0,0,1,0,0,0,0,0,0,0,0,3520875,4689264
D5,64,Putnam,2010,6400825,"CHINA WOK","1114 SR 20 #200",INTERLACHEN,32148,2210463,1,Food,"Routine - Food","Inspection Completed - No Further Action",9/25/2012,4,5,9,,,,Y,1,1,0,0,0,0,0,0,0,0,0,0,0,0,0,0,0,1,0,0,1,0,0,1,0,0,0,0,0,1,0,0,1,0,0,0,0,0,0,0,1,1,0,0,0,0,0,0,0,0,0,0,0,0,0,0,0,0,3680800,4694103
D5,65,"St. Johns",2010,6500303,"VILLAGE INN #24","900 PONCE DELEON","ST AUGUSTINE",32084,2255925,1,Food,"Complaint Full","Warning Issued",9/25/2012,3,3,6,,,,Y,1,0,1,1,0,0,0,0,0,1,0,0,0,0,0,0,0,0,0,0,0,0,1,1,0,0,0,0,0,0,0,0,0,0,0,0,0,0,0,0,0,0,0,0,0,0,0,0,0,0,0,0,0,0,0,0,0,0,5230275,4801777
D5,65,"St. Johns",2010,6501221,"OUTBACK STEAKHOUSE #1034","245 SR 312","SAINT AUGUSTINE",32085,2222248,1,Food,"Routine - Food","Inspection Completed - No Further Action",9/25/2012,4,2,6,,,,Y,0,0,0,0,0,0,0,1,0,0,0,1,0,0,0,0,0,0,0,0,0,1,1,1,0,0,0,0,0,0,0,0,0,0,0,0,0,0,0,0,1,0,0,0,0,0,0,0,0,0,0,0,0,0,0,0,0,0,4046630,4709589
D5,65,"St. Johns",2010,6501492,"SONIC DRIVE-IN #4292","1500 FRUIT COVE RD",JACKSONVILLE,32259,2237679,1,Food,"Routine - Food","Inspection Completed - No Further Action",9/25/2012,9,5,14,,,,Y,0,0,0,0,0,0,0,0,0,0,0,1,0,2,0,0,0,0,0,0,0,3,1,0,0,0,0,0,1,0,0,2,0,0,2,0,0,0,0,0,1,1,0,0,0,0,0,0,0,0,0,0,0,0,0,0,0,0,4410189,4730121
D5,65,"St. Johns",2010,6501555,"MCDONALD'S #26414","490 N SR 13","FRUIT COVE",32259,2174861,1,Food,"Routine - Food","Inspection Completed - No Further Action",9/25/2012,5,1,6,,,,Y,0,0,1,0,1,0,0,1,0,0,0,1,0,0,0,0,0,0,0,0,0,0,1,0,0,0,0,0,0,0,0,1,0,0,0,0,0,0,0,0,0,0,0,0,0,0,0,0,0,0,0,0,0,0,0,0,0,0,2246425,4639911
D5,65,"St. Johns",2010,6501570,"THE LOOP PIZZA GRILL","450 SR 13 STE# 101",JACKSONVILLE,32259,2235431,1,Food,"Routine - Food","Inspection Completed - No Further Action",9/25/2012,2,2,4,,,,Y,0,0,0,0,0,0,0,0,0,0,0,0,0,1,0,0,1,0,0,0,0,1,1,0,0,0,0,0,0,0,0,0,0,0,0,0,0,0,0,0,0,0,0,0,0,0,0,0,0,0,0,0,0,0,0,0,0,0,4310912,4727045
D5,65,"St. Johns",2010,6501629,"VINO'S AT FRUIT COVE","605 SR 13 #103","ST. JOHNS",32259,2242235,1,Food,"Routine - Food","Inspection Completed - No Further Action",9/25/2012,3,1,4,,,,Y,0,1,0,0,0,1,0,0,0,0,0,0,1,0,0,0,1,0,0,0,0,0,0,0,0,0,0,0,0,0,0,0,0,0,0,0,0,0,0,0,0,0,0,0,0,0,0,0,0,0,0,0,0,0,0,0,0,0,5241689,4736448
D5,65,"St. Johns",2010,6501826,"BRUCCI'S PIZZERIA","540 SR 13","FRUIT COVE",32259,2218652,1,Food,"Routine - Food","Inspection Completed - No Further Action",9/25/2012,2,0,2,,,,Y,0,0,0,0,0,0,0,0,0,0,0,0,0,0,0,0,0,0,0,0,0,1,0,0,0,0,0,0,0,0,0,1,0,0,0,0,0,0,0,0,0,0,0,0,0,0,0,0,0,0,0,0,0,0,0,0,0,0,3959379,4704913
D5,65,"St. Johns",2010,6501853,"A. CHEF'S COOKING STUDIO","145 HILDEN RD #119","PONTE VEDRA",32081,2167376,1,Food,"Routine - Food","Inspection Completed - No Further Action",9/25/2012,4,1,5,,,,Y,0,0,1,1,0,0,0,0,0,0,0,0,0,0,0,0,0,0,0,0,0,2,1,0,0,0,0,0,0,0,0,0,0,0,0,0,0,0,0,0,0,0,0,0,0,0,0,0,0,0,0,0,0,0,0,0,0,0,3551272,4628038
D5,65,"St. Johns",2010,6501888,"JONI' S PIZZA ITALIAN RESTAURANT","145 HILDEN ROAD","PONTE VEDRA",32081,2211682,1,Food,"Routine - Food","Inspection Completed - No Further Action",9/25/2012,3,8,11,,,,Y,0,0,0,0,0,0,0,0,0,0,0,0,0,1,1,0,0,0,0,0,0,1,3,0,0,0,0,0,0,0,0,2,0,0,0,0,0,0,0,0,0,2,0,0,0,0,0,0,0,0,1,0,0,0,0,0,0,0,3736865,4695833
D5,65,"St. Johns",2010,6501992,"PHILLY STATION","10440 US 1 N UNIT 123","SAINT AUGUSTINE",32095,2256704,1,Food,"Food-Licensing Inspection","Inspection Completed - No Further Action",9/25/2012,5,1,6,,,,N,0,0,0,0,0,0,0,0,0,0,0,0,0,0,1,0,0,0,0,0,0,0,0,0,0,0,0,0,0,0,0,2,0,0,0,0,0,0,0,0,1,0,0,0,0,0,0,0,0,0,0,0,2,0,0,0,0,0,5445834,4809421
D5,65,"St. Johns",2010,6502061,"SAN SEBASTIANS WINERY THE CELLAR UPSTAIRS WINE JAZZ AND BLUES","157 KING ST","SAINT AUGUSTINE",32084,2260799,1,Food,"Routine - Food","Warning Issued",9/25/2012,5,1,6,,,,N,0,0,0,0,0,0,0,0,0,0,0,0,0,0,0,0,0,0,0,0,0,0,0,0,0,0,0,0,0,0,1,2,0,0,0,0,0,0,0,0,0,0,0,0,0,0,0,0,0,1,1,0,1,0,0,0,0,0,5460446,4845847
D5,11,Alachua,2010,1101892,"TACO BELL 26450","3408 SW ARCHER RD",GAINESVILLE,32608,2228295,1,Food,"Routine - Food","Inspection Completed - No Further Action",9/26/2012,0,2,2,,,,Y,0,0,0,0,0,0,0,0,0,0,0,0,0,0,0,0,0,0,0,0,0,0,0,2,0,0,0,0,0,0,0,0,0,0,0,0,0,0,0,0,0,0,0,0,0,0,0,0,0,0,0,0,0,0,0,0,0,0,4182691,4717348
D5,11,Alachua,2010,1102274,"BALLYHOO GRILL","3700 W NEWBERRY RD",GAINESVILLE,32607,2239379,2,Food,"Routine - Food","Call Back - Admin. complaint recommended",9/26/2012,7,2,9,,,,Y,0,3,1,0,0,0,0,0,1,0,0,0,0,1,0,0,1,0,0,1,0,0,0,1,0,0,0,0,0,0,0,0,0,0,0,0,0,0,0,0,0,0,0,0,0,0,0,0,0,0,0,0,0,0,0,0,0,0,4461235,4808237
D5,11,Alachua,2010,1102472,WENDY'S,"9225 NW 39 AVE",GAINESVILLE,326065034,2176217,1,Food,"Routine - Food","Inspection Completed - No Further Action",9/26/2012,3,0,3,,,,Y,0,0,1,0,0,0,0,0,1,0,0,1,0,0,0,0,0,0,0,0,0,0,0,0,0,0,0,0,0,0,0,0,0,0,0,0,0,0,0,0,0,0,0,0,0,0,0,0,0,0,0,0,0,0,0,0,0,0,2129577,4642326
D5,11,Alachua,2010,1102495,"GATOR TALES","5112 NW 34TH ST",GAINESVILLE,32605,2254273,1,Food,"Routine - Food","Inspection Completed - No Further Action",9/26/2012,5,0,5,,,,Y,0,2,1,0,0,0,0,1,0,0,0,0,0,0,0,0,0,0,0,0,0,0,0,0,0,0,0,0,0,0,0,1,0,0,0,0,0,0,0,0,0,0,0,0,0,0,0,0,0,0,0,0,0,0,0,0,0,0,5416606,4786782
D5,11,Alachua,2010,1102687,"CHINA SUPER BUFFET OF ALACHUA","1900 SW 13TH STREET #B",GAINESVILLE,32608,2103160,2,Food,"Complaint Full","Admin. Complaint Callback Complied",9/26/2012,0,0,0,,,,Y,0,0,0,0,0,0,0,0,0,0,0,0,0,0,0,0,0,0,0,0,0,0,0,0,0,0,0,0,0,0,0,0,0,0,0,0,0,0,0,0,0,0,0,0,0,0,0,0,0,0,0,0,0,0,0,0,0,0,3637291,4809650
D5,11,Alachua,2010,1102747,"BURGER KING 12956","9401 NW 39 AVE",GAINESVILLE,32606,2186270,1,Food,"Routine - Food","Inspection Completed - No Further Action",9/26/2012,5,1,6,,,,Y,0,0,1,0,1,0,0,0,0,0,0,0,0,0,0,0,0,0,0,0,0,1,0,0,1,0,0,0,0,0,0,0,0,0,0,0,0,0,0,0,0,0,0,0,0,0,0,0,0,1,0,0,1,0,0,0,0,0,2129833,4658508
D5,11,Alachua,2010,1102923,"DOMINO'S PIZZA","2106 SW 13 ST",GAINESVILLE,32608,2161067,2,Food,"Complaint Full","Admin. Complaint Callback Not Complied",9/26/2012,0,1,1,,,,Y,0,0,0,0,0,0,0,0,0,0,0,0,0,0,0,0,0,0,0,0,0,0,0,0,0,0,0,0,0,0,0,0,0,0,0,0,0,0,0,0,0,0,0,0,0,0,0,0,0,0,0,0,0,0,0,0,0,0,2130005,4809646
D5,11,Alachua,2010,1102923,"DOMINO'S PIZZA","2106 SW 13 ST",GAINESVILLE,32608,2172314,1,Food,"Complaint Full","Warning Issued",9/26/2012,4,1,5,,,,Y,0,0,1,1,0,0,0,0,0,0,0,0,0,0,0,0,0,1,0,0,0,0,0,0,0,0,0,0,0,0,0,0,0,0,0,0,0,0,0,0,0,0,0,0,1,0,0,0,0,0,0,0,1,0,0,0,0,0,2130005,4636032
D5,11,Alachua,2010,1103029,"TROPICAL SMOOTHIE CAFE","3345 SW 34 ST #5",GAINESVILLE,32608,2195869,1,Food,"Routine - Food","Inspection Completed - No Further Action",9/26/2012,1,1,2,,,,Y,0,0,0,0,0,0,0,0,0,1,0,0,0,0,0,0,0,0,0,0,0,0,0,0,0,0,0,0,0,0,0,0,0,0,0,0,0,0,0,0,1,0,0,0,0,0,0,0,0,0,0,0,0,0,0,0,0,0,2846113,4673232
D5,11,Alachua,2010,1103324,"T&J SEAFOOD","5003 NW 34 BLVD #170",GAINESVILLE,32605,2258481,2,Food,"Food-Licensing Inspection","Call Back - Admin. complaint recommended",9/26/2012,4,2,6,,,,N,0,0,0,0,0,0,0,0,0,0,0,0,0,0,0,0,0,0,0,0,0,0,0,0,0,0,0,0,0,0,0,0,0,0,1,0,0,0,0,0,1,0,0,0,0,0,0,0,0,1,1,0,1,0,0,0,0,0,5453908,4827340
D5,20,Clay,2010,2001029,SUSHIYA,"1615 CR 220 #150","ORANGE PARK",32003,2226732,1,Food,"Routine - Food","Inspection Completed - No Further Action",9/26/2012,11,4,15,,,,Y,1,0,1,0,0,0,0,3,2,1,0,0,1,0,0,0,0,0,0,0,0,1,0,0,0,0,0,0,0,0,1,0,0,0,0,1,0,0,0,0,1,0,0,0,0,0,0,0,0,0,1,0,1,0,0,0,0,0,4154503,4715287
D5,20,Clay,2010,2001064,"O'CHARLEY'S #369","1609 CR 220","ORANGE PARK",32003,2254664,1,Food,"Routine - Food","Inspection Completed - No Further Action",9/26/2012,7,3,10,,,,Y,0,0,0,0,1,0,0,1,0,1,0,1,0,0,0,0,0,0,0,0,0,2,2,0,0,0,0,0,0,1,1,0,0,0,0,0,0,0,0,0,0,0,0,0,0,0,0,0,0,0,0,0,0,0,0,0,0,0,5419965,4789999
D5,20,Clay,2010,2001083,ZAXBY'S,"1525 CR 220","ORANGE PARK",32003,2193993,1,Food,"Routine - Food","Inspection Completed - No Further Action",9/26/2012,4,5,9,,,,Y,0,0,1,1,1,0,0,0,0,1,0,1,0,0,2,0,0,0,0,0,0,0,1,0,0,0,0,0,0,0,0,0,0,0,0,0,1,0,0,0,0,0,0,0,0,0,0,0,0,0,0,0,0,0,0,0,0,0,2589641,4670511
D5,20,Clay,2010,2001222,"PANERA BREAD #1182","1510 CR 220","FLEMING ISLAND",32003,2222774,1,Food,"Routine - Food","Inspection Completed - No Further Action",9/26/2012,2,4,6,,,,Y,1,0,0,0,0,0,0,0,0,1,0,0,1,0,0,0,0,1,0,0,0,1,1,0,0,0,0,0,0,0,0,0,0,0,0,0,0,0,0,0,0,0,0,0,0,0,0,0,0,0,0,0,0,0,0,0,0,0,4059023,4710233
D5,22,Columbia,2010,2200190,"NORTH FLORIDA LIVESTOCK MARKET","12171 S US HWY 441","LAKE CITY",32025,2210809,1,Food,"Routine - Food","Inspection Completed - No Further Action",9/26/2012,1,1,2,,,,Y,0,0,0,0,0,0,0,0,0,0,0,0,0,0,0,0,0,0,0,0,0,1,0,0,0,0,0,0,0,0,0,0,0,0,0,0,1,0,0,0,0,0,0,0,0,0,0,0,0,0,0,0,0,0,0,0,0,0,3701414,4694558
D5,25,Dixie,2010,2500158,"SUBWAY #50803","25855 SE HWY 19","OLD TOWN",32680,2236249,1,Food,"Routine - Food","Inspection Completed - No Further Action",9/26/2012,2,1,3,,,,Y,0,0,0,0,0,0,0,0,0,0,0,0,0,0,0,0,0,0,0,0,0,0,0,0,0,0,0,0,0,0,0,0,0,0,1,0,0,0,0,1,1,0,0,0,0,0,0,0,0,0,0,0,0,0,0,0,0,0,4411126,4728166
D5,26,Duval,2010,2603844,"HOOKS CHICKEN","10400 ATLANTIC BLVD",JACKSONVILLE,32211,2250079,1,Food,"Routine - Food","Inspection Completed - No Further Action",9/26/2012,9,5,14,,,,Y,0,1,2,0,1,0,0,1,0,0,0,0,0,1,2,0,0,0,0,0,0,1,1,0,0,0,0,0,0,0,0,2,0,0,1,1,0,0,0,0,0,0,0,0,0,0,0,0,0,0,0,0,0,0,0,0,0,0,5319647,4747504
D5,26,Duval,2010,2608005,"ST JOHNS SEAFOOD & STEAKS","1161 S LANE AVE",JACKSONVILLE,322056233,2256606,1,Food,"Complaint Full","Inspection Completed - No Further Action",9/26/2012,10,4,14,,,,Y,0,1,1,0,1,0,0,1,0,1,0,2,0,1,0,0,0,0,0,0,0,2,1,0,0,0,1,0,0,0,0,0,0,0,1,0,0,0,0,0,0,0,0,0,0,0,0,0,0,0,1,0,0,0,0,0,0,0,2174876,4808581
D5,26,Duval,2010,2608119,"BONO'S PIT BAR B Q","5903 NORWOOD AVE",JACKSONVILLE,322084345,2180018,1,Food,"Routine - Food","Inspection Completed - No Further Action",9/26/2012,5,4,9,,,,Y,0,1,0,0,0,0,0,0,0,0,0,0,0,0,0,0,0,0,0,0,0,4,0,0,1,0,0,0,0,0,0,0,0,0,0,0,2,1,0,0,0,0,0,0,0,0,0,0,0,0,0,0,0,0,0,0,0,0,2174902,4648866
D5,26,Duval,2010,2608406,"REB LOBSTER","8720 BAYMEADOWS",JACKSONVILLE,32256,2216450,1,Food,"Routine - Food","Inspection Completed - No Further Action",9/26/2012,0,1,1,,,,Y,0,0,0,0,0,0,0,0,0,0,0,0,0,0,0,0,0,0,0,0,0,0,1,0,0,0,0,0,0,0,0,0,0,0,0,0,0,0,0,0,0,0,0,0,0,0,0,0,0,0,0,0,0,0,0,0,0,0,3885372,4702027
D5,26,Duval,2010,2609670,"JENKINS QUALITY BBQ","830 PEARL ST",JACKSONVILLE,322024038,2169928,1,Food,"Routine - Food","Inspection Completed - No Further Action",9/26/2012,1,0,1,,,,Y,0,0,0,0,0,0,0,1,0,0,0,0,0,0,0,0,0,0,0,0,0,0,0,0,0,0,0,0,0,0,0,0,0,0,0,0,0,0,0,0,0,0,0,0,0,0,0,0,0,0,0,0,0,0,0,0,0,0,2175348,4632476
D5,26,Duval,2010,2609683,"MCDONALDS RESTAURANT","14200 BEACH BLVD",JACKSONVILLE,322501546,2179613,1,Food,"Routine - Food","Inspection Completed - No Further Action",9/26/2012,3,0,3,,,,Y,0,0,0,0,0,0,0,2,0,0,0,0,0,0,0,0,0,0,0,0,0,0,0,0,0,0,0,0,0,0,0,0,0,0,1,0,0,0,0,0,0,0,0,0,0,0,0,0,0,0,0,0,0,0,0,0,0,0,2175354,4648271
D5,26,Duval,2010,2610584,"KENTUCKY FRIED CHICKEN","626 ATLANTIC BLVD","NEPTUNE BCH",322664026,2170462,1,Food,"Routine - Food","Inspection Completed - No Further Action",9/26/2012,2,2,4,,,,Y,0,0,0,0,0,0,0,0,0,0,0,1,0,0,0,0,0,0,0,0,0,0,0,1,0,0,0,0,0,0,0,0,0,0,0,0,0,0,0,1,1,0,0,0,0,0,0,0,0,0,0,0,0,0,0,0,0,0,2175559,4633349
D5,26,Duval,2010,2610653,"MILL COVE GOLF COURSE","1700 MONUMENT RD",JACKSONVILLE,32225,2239569,1,Food,"Routine - Food","Inspection Completed - No Further Action",9/26/2012,4,6,10,,,,Y,1,0,0,0,0,0,0,0,0,0,0,0,0,0,1,0,0,1,0,0,0,0,2,0,0,1,0,0,1,1,0,1,0,0,1,0,0,0,0,0,0,0,0,0,0,0,0,0,0,0,0,0,0,0,0,0,0,0,4466156,4732743
D5,26,Duval,2010,2610910,"SUBWAY SANDWICHES & SALADS","2000 HENDRICKS AVE #3",JACKSONVILLE,322073372,2180275,1,Food,"Routine - Food","Inspection Completed - No Further Action",9/26/2012,8,4,12,,,,Y,0,0,0,0,0,0,0,0,0,0,0,1,0,0,0,0,0,0,0,0,0,1,1,0,0,0,0,0,0,0,0,1,0,0,1,0,1,1,0,0,2,0,0,0,0,0,0,0,0,0,1,0,2,0,0,0,0,0,2175701,4649244
D5,26,Duval,2010,2610978,"LOS LOROS MEXICAN RESTAURANT","5210 BAYMEADOWS RD",JACKSONVILLE,322174806,2180277,1,Food,"Routine - Food","Inspection Completed - No Further Action",9/26/2012,9,1,10,,,,Y,0,1,1,0,0,0,0,1,1,0,0,2,0,0,1,0,0,0,0,0,0,3,0,0,0,0,0,0,0,0,0,0,0,0,0,0,0,0,0,0,0,0,0,0,0,0,0,0,0,0,0,0,0,0,0,0,0,0,2175723,4649246
D5,26,Duval,2010,2611962,"DWIGHT'S BISTRO","1527 PENMAN RD","JACKSONVILLE BCH",32250,2170202,1,Food,"Routine - Food","Administrative complaint recommended",9/26/2012,3,4,7,,,,Y,0,2,0,0,0,0,0,0,0,1,0,0,0,1,0,0,0,0,0,0,0,0,0,0,0,1,0,0,1,0,0,0,0,0,0,0,0,0,0,0,0,0,0,0,0,0,0,0,0,1,0,0,0,0,0,0,0,0,2176263,4632942
D5,26,Duval,2010,2612005,"PAPA JOHN'S PIZZA","5230 BAYMEADOWS RD",JACKSONVILLE,32217,2234078,1,Food,"Routine - Food","Inspection Completed - No Further Action",9/26/2012,6,3,9,,,,Y,0,0,1,0,1,0,0,1,0,2,0,0,0,0,0,0,0,0,0,0,0,0,0,0,0,0,0,0,1,0,0,0,0,0,1,0,0,0,0,0,2,0,0,0,0,0,0,0,0,0,0,0,0,0,0,0,0,0,4327648,4725255
D5,26,Duval,2010,2612156,"THE SHEIK","2953 PHILLIPS HWY",JACKSONVILLE,32207,2255969,1,Food,"Routine - Food","Warning Issued",9/26/2012,4,1,5,,,,Y,0,0,0,0,0,0,0,0,0,0,0,0,0,0,0,0,0,0,0,0,0,0,0,0,0,0,0,0,0,0,0,0,0,0,0,0,0,0,0,0,2,0,0,0,0,0,0,0,0,0,1,0,2,0,0,0,0,0,5434268,4802003
D5,26,Duval,2010,2612291,"WENDYS #64","14447 BEACH BLVD",JACKSONVILLE,32250,2221078,1,Food,"Routine - Food","Inspection Completed - No Further Action",9/26/2012,6,0,6,,,,Y,0,0,1,0,0,0,0,0,0,0,0,1,0,0,0,0,0,0,0,0,0,1,0,0,0,0,0,0,0,0,1,0,0,0,1,0,0,0,0,0,1,0,0,0,0,0,0,0,0,0,0,0,0,0,0,0,0,0,4016789,4708100
D5,26,Duval,2010,2612424,"BLU DINER","5868 NORWOOD AVE",JACKSONVILLE,32208,2217029,1,Food,"Routine - Food","Inspection Completed - No Further Action",9/26/2012,2,0,2,,,,Y,0,1,0,0,0,0,0,0,0,0,0,0,0,0,0,0,0,0,0,0,0,1,0,0,0,0,0,0,0,0,0,0,0,0,0,0,0,0,0,0,0,0,0,0,0,0,0,0,0,0,0,0,0,0,0,0,0,0,3907692,4702790
D5,26,Duval,2010,2612487,"GOLDEN CORRAL #672","14035 BEACH BLVD",JACKSONVILLE,32250,2187467,1,Food,"Routine - Food","Inspection Completed - No Further Action",9/26/2012,3,3,6,,,,Y,0,0,1,0,0,0,0,1,0,0,0,0,0,1,0,0,0,1,0,0,0,0,1,0,0,0,0,0,0,0,0,0,0,0,1,0,0,0,0,0,0,0,0,0,0,0,0,0,0,0,0,0,0,0,0,0,0,0,2176776,4660614
D5,26,Duval,2010,2612569,"CRAB CAKE FACTORY JAX","1396 BEACH BLVD","JACKSONVILLE BEACH",32250,2256611,1,Food,"Complaint Full","Inspection Completed - No Further Action",9/26/2012,8,3,11,,,,Y,0,1,0,0,0,0,0,2,0,1,0,0,0,0,1,0,0,0,0,1,0,1,0,0,0,0,0,0,0,1,1,0,0,0,0,0,0,0,0,0,1,0,0,0,0,0,0,0,0,0,1,0,0,0,0,0,0,0,4334737,4808591
D5,26,Duval,2010,2612676,"SONIC DRIVE-IN 4120","7045 NORMANDY BLVD",JACKSONVILLE,32205,2237922,1,Food,"Routine - Food","Inspection Completed - No Further Action",9/26/2012,4,3,7,,,,Y,0,0,0,0,0,0,0,0,0,0,0,0,0,0,0,0,0,0,0,0,0,2,2,0,0,0,0,0,0,1,0,0,0,0,0,0,1,0,0,0,0,0,0,0,0,0,0,0,0,0,0,0,1,0,0,0,0,0,4410186,4730428
D5,26,Duval,2010,2612676,"SONIC DRIVE-IN 4120","7045 NORMANDY BLVD",JACKSONVILLE,32205,2237923,2,Food,"Routine - Food","Call Back - Complied",9/26/2012,2,2,4,,,,Y,0,0,0,0,0,0,0,0,0,0,0,0,0,0,0,0,0,0,0,0,0,1,1,0,0,0,0,0,0,1,0,0,0,0,0,0,1,0,0,0,0,0,0,0,0,0,0,0,0,0,0,0,0,0,0,0,0,0,4410186,4776130
D5,26,Duval,2010,2612729,"AJ'S CAFE IN RIVERSIDE","626 MAY ST",JACKSONVILLE,32204,2193073,1,Food,"Routine - Food","Warning Issued",9/26/2012,2,0,2,,,,Y,0,0,0,0,0,0,0,0,0,0,0,0,0,0,0,0,0,0,0,0,0,0,0,0,0,0,0,0,0,0,0,0,0,0,0,0,0,0,0,0,0,0,0,0,0,0,0,0,0,1,0,0,1,0,0,0,0,0,2422943,4669248
D5,26,Duval,2010,2612801,"THE OLIVE TREE MEDITERRANEAN GRILLE","1705 HENDRICK AVE",JACKSONVILLE,32207,2247021,1,Food,"Routine - Food","Inspection Completed - No Further Action",9/26/2012,9,1,10,,,,Y,1,2,3,0,0,0,0,1,0,0,0,0,0,0,1,0,0,0,0,0,0,0,0,0,0,0,0,0,0,0,0,0,0,0,1,0,0,0,0,0,1,0,0,0,0,0,0,0,0,0,0,0,0,0,0,0,0,0,5333720,4743051
D5,26,Duval,2010,2612906,"OLE MEXICAN RESTAURANT","9921 ATLANTIC BLVD",JACKSONVILLE,32225,2242166,1,Food,"Routine - Food","Inspection Completed - No Further Action",9/26/2012,7,2,9,,,,Y,0,0,1,0,0,0,0,2,0,0,0,0,0,1,0,0,0,0,0,2,0,1,0,1,0,0,0,0,0,0,1,0,0,0,0,0,0,0,0,0,0,0,0,0,0,0,0,0,0,0,0,0,0,0,0,0,0,0,5267620,4736356
D5,26,Duval,2010,2612936,"RUBY TUESDAY #4385","1360 AIRPORT RD",JACKSONVILLE,32218,2180042,1,Food,"Routine - Food","Inspection Completed - No Further Action",9/26/2012,1,1,2,,,,Y,0,0,0,0,0,0,0,0,0,0,0,0,0,1,0,0,0,0,0,0,0,1,0,0,0,0,0,0,0,0,0,0,0,0,0,0,0,0,0,0,0,0,0,0,0,0,0,0,0,0,0,0,0,0,0,0,0,0,2177223,4648890
D5,26,Duval,2010,2612976,"CHICK FIL A ROOSEVELT SQUARE","4495 ROOSEVELT BLVD #0601",JACKSONVILLE,32210,2170623,1,Food,"Routine - Food","Inspection Completed - No Further Action",9/26/2012,4,4,8,,,,Y,0,0,0,0,0,0,0,1,0,1,0,0,0,0,0,0,0,0,0,0,1,1,0,1,0,0,0,0,0,0,1,0,0,0,0,0,0,0,0,0,1,0,0,0,0,0,0,0,0,0,1,0,0,0,0,0,0,0,2177263,4633570
D5,26,Duval,2010,2613315,"MIN GARDEN","5230 BAYMEADOW RD. # 6",JACKSONVILLE,32217,2193009,1,Food,"Routine - Food","Inspection Completed - No Further Action",9/26/2012,3,4,7,,,,Y,0,0,0,0,0,0,0,2,0,1,0,0,0,1,0,0,0,0,0,0,1,0,0,0,0,0,0,0,0,0,0,1,0,0,0,0,1,0,0,0,0,0,0,0,0,0,0,0,0,0,0,0,0,0,0,0,0,0,2494347,4669151
D5,26,Duval,2010,2613625,"LITTLE JOE'S CAFE BY AKEL'S","245 RIVERSIDE AVENUE #195",JACKSONVILLE,32202,2205202,1,Food,"Routine - Food","Inspection Completed - No Further Action",9/26/2012,2,5,7,,,,Y,0,1,0,0,0,0,0,1,0,0,0,0,0,0,0,0,0,0,0,0,1,0,0,1,1,0,0,0,0,0,0,0,0,0,0,0,1,0,0,1,0,0,0,0,0,0,0,0,0,0,0,0,0,0,0,0,0,0,3441622,4686988
D5,26,Duval,2010,2613670,"CRISPERS LLC","4509 ST JOHNS AVE",JACKSONVILLE,32210,2241812,1,Food,"Routine - Food","Inspection Completed - No Further Action",9/26/2012,3,2,5,,,,Y,0,0,0,0,0,1,0,0,0,1,0,1,0,0,1,0,0,0,0,0,0,0,0,0,0,0,0,0,0,0,0,0,0,0,0,0,0,0,0,0,0,0,0,0,1,0,0,0,0,0,0,0,0,0,0,0,0,0,4457235,4735871
D5,26,Duval,2010,2613747,"SONIC DRIVE IN","5080 BUTLER POINT RD",JACKSONVILLE,32256,2203229,1,Food,"Routine - Food","Inspection Completed - No Further Action",9/26/2012,6,1,7,,,,Y,0,0,0,0,0,0,0,1,0,0,0,1,0,0,0,0,0,0,0,0,0,1,0,0,0,0,1,0,0,0,1,0,0,0,1,1,0,0,0,0,0,0,0,0,0,0,0,0,0,0,0,0,0,0,0,0,0,0,3104721,4684140
D5,26,Duval,2010,2613802,"T S I","333 E BAY ST",JACKSONVILLE,32202,2199717,1,Food,"Routine - Food","Inspection Completed - No Further Action",9/26/2012,6,3,9,,,,Y,0,0,1,0,0,0,0,1,0,0,0,1,0,0,0,0,0,0,0,0,0,1,1,0,1,0,0,0,0,0,1,1,0,0,0,0,1,0,0,0,0,0,0,0,0,0,0,0,0,0,0,0,0,0,0,0,0,0,3185479,4679133
D5,26,Duval,2010,2613802,"T S I","333 E BAY ST",JACKSONVILLE,32202,2092123,3,Food,"Routine - Food","Admin. Complaint Callback Complied",9/26/2012,0,0,0,,,,Y,0,0,0,0,0,0,0,0,0,0,0,0,0,0,0,0,0,0,0,0,0,0,0,0,0,0,0,0,0,0,0,0,0,0,0,0,0,0,0,0,0,0,0,0,0,0,0,0,0,0,0,0,0,0,0,0,0,0,3185479,4807481
D5,26,Duval,2010,2614077,"MCDONALD'S #31930","14030 HUBBLE RD",JACKSONVILLE,32218,2208910,1,Food,"Routine - Food","Inspection Completed - No Further Action",9/26/2012,4,2,6,,,,Y,0,0,0,0,0,0,0,0,0,0,0,0,0,0,1,0,0,0,0,0,0,3,0,0,0,0,1,0,0,0,0,0,1,0,0,0,0,0,0,0,0,0,0,0,0,0,0,0,0,0,0,0,0,0,0,0,0,0,3618705,4692026
D5,26,Duval,2010,2614090,"OFF THE HOOK BAR & GRILLE","333 1 ST N","JACKSONVILLE BEACH",32250,2243813,2,Food,"Routine - Food","Call Back - Complied",9/26/2012,0,0,0,,,,Y,0,0,0,0,0,0,0,0,0,0,0,0,0,0,0,0,0,0,0,0,0,0,0,0,0,0,0,0,0,0,0,0,0,0,0,0,0,0,0,0,0,0,0,0,0,0,0,0,0,0,0,0,0,0,0,0,0,0,5271783,4797017
D5,26,Duval,2010,2614096,"AROMA CORNER","5111 BAYMEADOWS RD STE 12",JACKSONVILLE,32217,2209816,1,Food,"Routine - Food","Inspection Completed - No Further Action",9/26/2012,1,0,1,,,,Y,0,0,0,0,0,0,0,1,0,0,0,0,0,0,0,0,0,0,0,0,0,0,0,0,0,0,0,0,0,0,0,0,0,0,0,0,0,0,0,0,0,0,0,0,0,0,0,0,0,0,0,0,0,0,0,0,0,0,3648988,4693218
D5,26,Duval,2010,2614242,"CASA MARIA'S MEXICAN RESTAURANT","12961 MAIN STREET N #104",JACKSONVILLE,32218,2256374,1,Food,"Complaint Full","Inspection Completed - No Further Action",9/26/2012,17,8,25,,,,Y,0,0,0,0,0,0,0,3,1,2,0,3,0,1,0,0,1,1,0,1,0,2,2,1,0,0,0,0,0,0,1,1,0,0,2,0,0,0,0,1,2,0,0,0,0,0,0,0,0,0,0,0,0,0,0,0,0,0,3828336,4806153
D5,26,Duval,2010,2614423,"DOMINOS PIZZA","418 STARRATT RD",JACKSONVILLE,32218,2223200,1,Food,"Routine - Food","Inspection Completed - No Further Action",9/26/2012,0,1,1,,,,Y,0,0,0,0,0,0,0,0,0,0,0,0,0,0,0,0,0,0,0,0,0,0,0,0,0,0,0,0,0,0,0,0,0,0,0,0,0,1,0,0,0,0,0,0,0,0,0,0,0,0,0,0,0,0,0,0,0,0,4070613,4710792
D5,26,Duval,2010,2614529,"OLIO RESTAURANT","301 E BAY ST #001",JACKSONVILLE,32202,2229865,1,Food,"Routine - Food","Inspection Completed - No Further Action",9/26/2012,2,2,4,,,,Y,0,0,0,0,0,0,0,0,0,0,0,1,0,1,0,0,1,0,0,0,0,0,1,0,0,0,0,0,0,0,0,0,0,0,0,0,0,0,0,0,0,0,0,0,0,0,0,0,0,0,0,0,0,0,0,0,0,0,4231271,4719462
D5,26,Duval,2010,2614627,"HURRICANE GRILL & WINGS","628-6 ATLANTIC BLVD","NEPTUNE BEACH",32266,2234394,1,Food,"Routine - Food","Inspection Completed - No Further Action",9/26/2012,6,0,6,,,,Y,0,0,1,0,0,0,0,1,0,0,0,1,0,0,0,0,0,0,0,0,0,1,0,0,0,0,0,0,0,0,0,1,0,0,0,0,0,0,0,0,1,0,0,0,0,0,0,0,0,0,0,0,0,0,0,0,0,0,4356598,4725654
D5,26,Duval,2010,2614661,"TCBY FROZEN YOGURT","628-5 ATLANTIC BLVD","NEPTUNE BEACH",32266,2236213,1,Food,"Routine - Food","Warning Issued",9/26/2012,2,0,2,,,,Y,0,0,0,0,0,0,0,0,0,0,0,1,0,0,0,0,0,0,0,0,0,0,0,0,0,0,0,0,0,0,0,0,0,0,0,0,0,0,0,0,0,0,0,0,0,0,0,0,0,0,0,0,1,0,0,0,0,0,4412728,4728120
D5,26,Duval,2010,2614684,"EAGLES BAR CAFE","5230 BAYMEADOW RD #13",JACKSONVILLE,32217,2239615,1,Food,"Routine - Food","Warning Issued",9/26/2012,13,3,16,,,,Y,0,1,0,0,1,0,0,2,0,0,0,0,0,0,0,0,0,0,0,0,1,2,0,0,0,0,0,0,0,0,0,3,0,0,1,0,1,0,0,0,0,0,0,0,0,0,0,0,0,0,1,0,3,0,0,0,0,0,4439228,4732812
D5,26,Duval,2010,2614691,SMASHBURGER,"628 ATLANTIC BLVD STE #1","NEPTUNE BEACH",32266,2238124,1,Food,"Routine - Food","Inspection Completed - No Further Action",9/26/2012,4,2,6,,,,Y,0,0,0,0,0,0,0,2,0,0,0,1,0,1,0,0,0,0,0,0,0,0,0,1,0,0,0,0,0,0,0,1,0,0,0,0,0,0,0,0,0,0,0,0,0,0,0,0,0,0,0,0,0,0,0,0,0,0,4428076,4730700
D5,26,Duval,2010,2614707,"MEXICALI BAKERY & RESTAURANT","4301 UNIVERSITY BLVD SOUTH",JACKSONVILLE,32216,2241824,2,Food,"Routine - Food","Call Back - Complied",9/26/2012,2,1,3,,,,Y,0,0,0,0,0,0,0,1,0,0,0,0,0,0,0,0,0,0,0,0,0,0,0,0,0,0,0,0,0,0,0,0,0,0,1,0,1,0,0,0,0,0,0,0,0,0,0,0,0,0,0,0,0,0,0,0,0,0,4470446,4810327
D5,26,Duval,2014,2651316,"EL REY TACO","13475 ATLANTIC BLVD STE 1",JACKSONVILLE,32225,1159628,1,Food,"Routine - Food","Warning Issued",9/26/2012,1,0,1,,,,Y,0,0,0,0,0,0,0,0,0,0,0,0,0,0,0,0,0,0,0,0,0,0,0,0,0,0,0,0,0,0,0,0,0,0,0,0,0,0,0,0,0,0,0,0,0,0,0,0,0,0,0,0,1,0,0,0,0,0,4320727,4727286
D5,26,Duval,2014,2651369,"CHOW HOUND JAX","3545 ST AUGUSTINE RD",JACKSONVILLE,32207,1161426,1,Food,"Routine - Food","Inspection Completed - No Further Action",9/26/2012,0,0,0,,,,Y,0,0,0,0,0,0,0,0,0,0,0,0,0,0,0,0,0,0,0,0,0,0,0,0,0,0,0,0,0,0,0,0,0,0,0,0,0,0,0,0,0,0,0,0,0,0,0,0,0,0,0,0,0,0,0,0,0,0,5298107,4742975
D5,26,Duval,2014,2651385,"DAMES  POINT YACHT DOGS","12400 YELLOW BLUFF RD #110",JACKSONVILLE,32226,1161185,2,Food,"Routine - Food","Call Back - Complied",9/26/2012,0,0,0,,,,Y,0,0,0,0,0,0,0,0,0,0,0,0,0,0,0,0,0,0,0,0,0,0,0,0,0,0,0,0,0,0,0,0,0,0,0,0,0,0,0,0,0,0,0,0,0,0,0,0,0,0,0,0,0,0,0,0,0,0,5251708,4805448
D5,28,Flagler,2010,2800523,"WOODYS BAR B Q","99 FLAGLER REGIONAL PLZ","PALM COURT",32137,2188324,1,Food,"Routine - Food","Inspection Completed - No Further Action",9/26/2012,9,10,19,,,,Y,0,0,1,1,0,0,0,2,0,0,0,0,0,2,0,0,0,0,0,0,0,3,1,1,0,0,1,0,3,0,0,0,0,0,0,1,2,0,0,0,1,0,0,0,0,0,0,0,0,0,0,0,0,0,0,0,0,0,2180374,4662281
D5,28,Flagler,2010,2800619,"GIUSEPPE'S NY PIZZA & ITALIAN RESTAURANT","301 MOODY BLVD","FLAGLER BEACH",32136,2214074,1,Food,"Routine - Food","Inspection Completed - No Further Action",9/26/2012,5,3,8,,,,Y,0,0,0,0,0,0,0,2,0,1,0,0,0,1,0,0,0,0,0,0,0,1,0,0,1,0,0,0,0,0,0,1,0,0,1,0,0,0,0,0,0,0,0,0,0,0,0,0,0,0,0,0,0,0,0,0,0,0,3809586,4698898
D5,28,Flagler,2010,2800703,"SUBWAY 44987","5234 EAST HWY 100 #108","PALM COAST",32164,2218612,1,Food,"Routine - Food","Inspection Completed - No Further Action",9/26/2012,0,1,1,,,,Y,0,0,0,0,0,0,0,0,0,0,0,0,0,0,0,0,0,0,0,0,0,0,0,1,0,0,0,0,0,0,0,0,0,0,0,0,0,0,0,0,0,0,0,0,0,0,0,0,0,0,0,0,0,0,0,0,0,0,3919278,4704868
D5,28,Flagler,2010,2800711,"TROPICAL SMOOTHIE CAFE","5234 E HWY 100 STE #107","PALM COAST",32164,2247577,1,Food,"Routine - Food","Warning Issued",9/26/2012,4,2,6,,,,Y,0,0,0,0,0,0,0,1,0,0,0,1,0,0,0,0,0,1,0,0,0,0,0,0,1,0,0,0,0,0,0,0,0,0,0,0,0,0,0,0,1,0,0,0,0,0,0,0,0,0,0,0,1,0,0,0,0,0,5296182,4743873
D5,28,Flagler,2010,2800716,"TONY'S PIZZA AND PASTA","428 BEACH VILLAGE DR","FLAGLER BEACH",32136,2222000,1,Food,"Routine - Food","Inspection Completed - No Further Action",9/26/2012,8,6,14,,,,Y,0,1,0,0,0,0,0,1,0,0,0,1,0,1,0,0,0,0,0,0,1,0,1,1,1,0,0,0,0,0,1,2,0,0,0,0,0,0,0,0,1,0,0,0,0,0,0,0,0,1,1,0,0,0,0,0,0,0,4042438,4709283
D5,28,Flagler,2010,2800731,"RED LOBSTER & THE OLIVE GARDEN ITALIAN RESTAURANT-SYNERGY #5801","5294 E HWY 100","PALM COAST",32164,2238500,1,Food,"Routine - Food","Inspection Completed - No Further Action",9/26/2012,5,4,9,,,,Y,0,1,0,0,0,0,0,2,0,0,0,0,0,1,0,0,0,1,0,0,0,1,0,2,0,0,0,0,0,0,1,0,0,0,0,0,0,0,0,0,0,0,0,0,0,0,0,0,0,0,0,0,0,0,0,0,0,0,4204835,4731204
D5,48,Levy,2010,4800245,MCDONALD'S,"1415 N YOUNG BLVD",CHIEFLAND,32626,2223532,1,Food,"Routine - Food","Inspection Completed - No Further Action",9/26/2012,4,2,6,,,,Y,0,0,1,1,0,0,0,0,0,0,0,0,0,0,0,0,0,0,0,0,1,0,0,1,0,0,0,0,0,0,0,1,0,0,0,0,0,0,0,0,0,0,0,0,0,0,0,0,0,0,0,0,1,0,0,0,0,0,4082590,4711224
D5,48,Levy,2010,4800569,"CHOMPERS DINER","17951 NW HIGHWAY 19","FANNING SPRINGS",32693,2211484,1,Food,"Routine - Food","Inspection Completed - No Further Action",9/26/2012,1,2,3,,,,Y,0,0,0,0,0,0,0,0,0,0,0,0,0,0,1,0,0,0,0,0,0,0,0,0,0,0,0,0,1,0,0,0,0,0,0,0,0,0,0,0,1,0,0,0,0,0,0,0,0,0,0,0,0,0,0,0,0,0,3735194,4695584
D5,52,Marion,2010,5200508,"SONNY'S REAL PIT B B Q","1845 SW COLLEGE RD",OCALA,344743021,2172022,1,Food,"Routine - Food","Inspection Completed - No Further Action",9/26/2012,7,0,7,,,,Y,0,0,0,0,1,0,0,1,0,0,0,0,0,0,0,0,0,0,0,0,0,2,0,0,0,0,1,0,0,0,0,1,0,0,0,0,0,0,0,0,1,0,0,0,0,0,0,0,0,0,0,0,0,0,0,0,0,0,2201603,4635566
D5,52,Marion,2010,5201084,"JADE PAGODA","10915 SE US 441",BELLEVIEW,34420,2181287,1,Food,"Routine - Food","Inspection Completed - No Further Action",9/26/2012,2,6,8,,,,Y,0,1,0,0,0,0,0,1,0,1,0,0,0,1,0,0,0,0,0,0,0,0,1,0,1,0,0,0,0,0,0,0,0,0,0,1,0,0,0,0,0,0,0,0,0,0,0,0,0,0,1,0,0,0,0,0,0,0,2201695,4650877
D5,52,Marion,2010,5201357,"CAL'S PLACE","11007 SE 66 TERR",BELLEVIEW,34420,2181485,1,Food,"Routine - Food","Warning Issued",9/26/2012,7,0,7,,,,Y,0,0,1,1,1,0,0,0,1,0,0,0,0,0,0,0,0,0,0,0,0,0,0,0,0,0,0,0,0,0,0,1,0,0,0,0,0,0,0,0,1,0,0,0,0,0,0,0,0,0,0,0,1,0,0,0,0,0,2201763,4651157
D5,52,Marion,2010,5202020,"110TH STREET GRILLE","10901 S HWY 441",BELLEVIEW,34420,2217246,1,Food,"Routine - Food","Warning Issued",9/26/2012,8,3,11,,,,Y,0,1,1,1,0,0,0,1,0,2,0,0,0,0,0,0,1,0,0,0,0,0,0,0,0,0,1,0,0,1,0,0,0,0,0,0,0,1,0,0,0,0,0,0,0,0,0,0,0,0,0,0,1,0,0,0,0,0,3915269,4703096
D5,52,Marion,2010,5202029,"CODY'S ORIGINAL ROADHOUSE","2505 SW COLLEGE ROAD",OCALA,34474,2256407,1,Food,"Complaint Full","Inspection Completed - No Further Action",9/26/2012,10,3,13,,,,Y,0,2,0,0,1,0,0,2,0,1,0,1,0,2,0,0,0,0,0,0,0,0,0,0,0,0,0,0,0,0,0,1,0,0,0,0,0,0,0,0,1,0,0,0,0,0,0,2,0,0,0,0,0,0,0,0,0,0,3917698,4806569
D5,52,Marion,2010,5202067,"GOLDEN CORRAL","2111 SW COLLEGE RD",OCALA,344743015,2180555,1,Food,"Routine - Food","Inspection Completed - No Further Action",9/26/2012,4,2,6,,,,Y,0,0,0,0,0,0,0,1,0,0,0,0,0,0,0,0,0,1,0,0,0,1,0,1,0,0,0,0,0,0,0,0,0,0,1,0,0,0,0,0,0,0,0,0,0,1,0,0,0,0,0,0,0,0,0,0,0,0,2201995,4649661
D5,52,Marion,2010,5202186,"FARM HOUSE RESTAURANT","11077 SE 52 CT",BELLEVIEW,34420,2202080,1,Food,"Routine - Food","Warning Issued",9/26/2012,8,7,15,,,,Y,0,1,1,0,0,0,0,2,1,0,0,0,0,0,1,0,0,0,0,0,0,1,3,0,1,0,0,0,0,0,0,2,0,0,0,0,1,0,0,0,0,0,0,0,0,0,0,0,0,0,1,0,0,0,0,0,0,0,2498206,4682641
D5,52,Marion,2010,5202282,"PAPA JOHNS PIZZA #1124","2611 SW COLLEGE RD, UNIT B",OCALA,34474,2193210,1,Food,"Routine - Food","Inspection Completed - No Further Action",9/26/2012,1,3,4,,,,Y,0,0,0,0,0,0,0,0,0,0,0,0,0,1,0,0,0,0,0,0,0,0,1,1,0,0,0,0,0,0,0,0,0,0,0,0,0,0,0,0,0,0,0,0,0,0,0,0,0,0,0,0,1,0,0,0,0,0,2515193,4669444
D5,52,Marion,2010,5202464,"PANERA BREAD #3327","2370 SW COLLEGE RD",OCALA,34474,2172224,1,Food,"Routine - Food","Inspection Completed - No Further Action",9/26/2012,3,0,3,,,,Y,0,0,0,0,0,0,0,0,0,0,0,2,0,0,0,0,0,0,0,0,0,0,0,0,0,0,0,0,0,0,0,0,0,0,0,0,0,0,0,0,0,0,0,0,0,0,0,0,0,0,0,0,1,0,0,0,0,0,2202378,4635888
D5,55,Nassau,2010,5500335,"CRAB TRAP","31 N 2 ST","FERNANDINA BCH",320344101,2256769,1,Food,"Complaint Full","Warning Issued",9/26/2012,6,10,16,,,,Y,0,0,1,0,1,1,0,1,0,0,0,0,0,2,0,0,0,0,0,0,1,1,3,0,1,0,0,0,0,0,0,1,0,0,0,0,1,1,0,0,0,0,0,0,0,0,0,0,0,0,1,0,0,0,0,0,0,0,2205680,4809918
D5,55,Nassau,2010,5501078,"OCEAN CLUB OF AMELIA","2080 S FLETCHER AVE","FERNANDINA BEACH",32034,2256599,1,Food,"Food-Licensing Inspection","Inspection Completed - No Further Action",9/26/2012,5,0,5,,,,Y,0,0,0,0,0,0,0,1,0,0,0,0,0,0,0,0,0,0,0,0,0,0,0,0,0,0,0,0,0,0,0,3,0,0,0,0,0,0,0,0,1,0,0,0,0,0,0,0,0,0,0,0,0,0,0,0,0,0,5440946,4808474
D5,55,Nassau,2010,5501093,"AMORE PIZZA","464099 SR 200 #3",YULEE,32097,2247932,1,Food,"Routine - Food","Warning Issued",9/26/2012,10,3,13,,,,Y,0,2,1,1,0,0,0,0,0,1,0,0,0,1,0,0,0,0,0,0,0,2,0,0,0,0,0,0,0,0,0,1,0,0,1,0,0,0,0,0,1,0,0,0,0,0,0,0,0,0,1,0,1,0,0,0,0,0,5315020,4744388
D5,64,Putnam,2010,6400125,"JERRY'S DRIVE IN LLC","2318 CRILL AVE",PALATKA,32177,2256582,1,Food,"Food-Licensing Inspection","Inspection Completed - No Further Action",9/26/2012,2,1,3,,,,Y,0,0,0,0,0,0,0,1,0,0,0,0,0,0,0,0,0,0,0,0,0,0,0,1,0,0,0,0,0,0,0,0,0,0,0,0,0,0,0,0,0,0,0,0,0,0,0,0,0,0,0,0,1,0,0,0,0,0,5410469,4808262
D5,64,Putnam,2010,6400287,"PALATKA BUFFET","1701 REID ST",PALATKA,32177,2256608,1,Food,"Complaint Full","Administrative complaint recommended",9/26/2012,9,2,11,,,,Y,3,0,1,1,0,0,0,2,0,1,0,0,0,0,0,0,0,0,0,0,0,2,0,1,0,0,0,0,0,0,0,0,0,0,0,0,0,0,0,0,0,0,0,0,0,0,0,0,0,0,0,0,0,0,0,0,0,0,3854903,4808584
D5,64,Putnam,2010,6400288,"BEEF O'BRADY'S OF PALATKA","201 N 1 ST",PALATKA,32177,2245257,1,Food,"Routine - Food","Inspection Completed - No Further Action",9/26/2012,8,7,15,,,,Y,0,1,0,0,1,0,0,1,0,0,0,1,0,1,0,0,0,1,0,0,1,3,0,1,1,0,0,0,0,0,0,1,1,0,0,0,0,0,0,0,0,0,0,0,0,0,0,0,0,0,1,0,0,0,0,0,0,0,5229463,4740597
D5,64,Putnam,2010,6400449,"LORI'S FOUNTAIN","2401 CRILL AVE",PALATKA,32177,2233882,1,Food,"Routine - Food","Inspection Completed - No Further Action",9/26/2012,11,9,20,,,,Y,0,1,1,0,0,0,0,1,0,0,0,1,0,1,1,0,2,1,0,1,0,1,0,1,0,0,0,0,0,1,0,1,2,0,0,0,0,0,0,0,1,1,0,0,0,0,0,0,0,0,2,0,0,0,0,0,0,0,4320128,4724994
D5,64,Putnam,2010,6400811,"DJ'S BILLIARD ROOM","1024 ST JOHNS AVE",PALATKA,32177,2209272,1,Food,"Routine - Food","Warning Issued",9/26/2012,6,3,9,,,,Y,0,0,0,0,0,1,0,0,0,0,0,0,0,0,0,0,0,0,0,0,0,2,0,0,1,0,0,0,0,0,0,1,0,0,0,0,0,0,0,0,0,1,0,0,0,0,0,0,0,0,1,0,2,0,0,0,0,0,3638790,4692511
D5,64,Putnam,2010,6400820,"BAMBOO #1","149 TOWN AND COUNTRY DR",PALATKA,32177,2256717,1,Food,"Complaint Full","Warning Issued",9/26/2012,5,1,6,,,,Y,0,2,2,0,0,0,0,0,0,0,0,0,0,0,0,0,0,0,0,0,0,0,1,0,0,0,0,0,0,0,0,0,0,0,1,0,0,0,0,0,0,0,0,0,0,0,0,0,0,0,0,0,0,0,0,0,0,0,3524207,4809475
D5,65,"St. Johns",2010,6500303,"VILLAGE INN #24","900 PONCE DELEON","ST AUGUSTINE",32084,2255925,2,Food,"Complaint Full","Call Back - Complied",9/26/2012,0,0,0,,,,Y,0,0,0,0,0,0,0,0,0,0,0,0,0,0,0,0,0,0,0,0,0,0,0,0,0,0,0,0,0,0,0,0,0,0,0,0,0,0,0,0,0,0,0,0,0,0,0,0,0,0,0,0,0,0,0,0,0,0,5230275,4810282
D5,65,"St. Johns",2010,6500982,"D'ALEO DELI","2445 S US 1","ST AUGUSTINE",32086,2191115,1,Food,"Routine - Food","Warning Issued",9/26/2012,5,1,6,,,,Y,0,1,1,1,0,0,0,1,0,0,0,0,0,1,0,0,0,0,0,0,0,1,0,0,0,0,0,0,0,0,0,0,0,0,0,0,0,0,0,0,0,0,0,0,0,0,0,0,0,0,0,0,0,0,0,0,0,0,2246014,4666508
D5,65,"St. Johns",2010,6501586,"CHINA ONE CHINESE RESTAURANT","2473 US HWY 1 S","SAINT AUGUSTINE",32086,2215107,1,Food,"Routine - Food","Inspection Completed - No Further Action",9/26/2012,5,4,9,,,,Y,0,1,2,1,0,0,0,0,0,0,0,0,0,2,0,0,0,0,0,0,0,1,1,0,0,0,0,0,0,0,0,0,0,0,0,0,0,0,0,1,0,0,0,0,0,0,0,0,0,0,0,0,0,0,0,0,0,0,3859073,4700328
D5,65,"St. Johns",2010,6501764,"KING TACO","609 W KING ST","SAINT AUGUSTINE",32084,2256705,1,Food,"Food-Licensing Inspection","Inspection Completed - No Further Action",9/26/2012,5,0,5,,,,Y,0,0,0,0,1,0,0,0,0,0,0,0,0,0,0,0,1,0,0,0,0,0,0,0,0,0,0,0,0,0,0,1,0,0,0,0,0,0,0,0,0,0,0,0,0,0,0,0,0,0,0,0,2,0,0,0,0,0,5433729,4809424
D5,65,"St. Johns",2010,6501797,"PRESENT MOMENT CAFE","224 W KING ST","SAINT AUGUSTINE",32084,2200359,1,Food,"Routine - Food","Inspection Completed - No Further Action",9/26/2012,5,1,6,,,,Y,0,2,0,0,0,0,0,0,0,0,0,2,0,0,0,0,0,0,0,0,1,0,0,0,0,0,0,0,0,0,0,0,0,0,0,0,0,0,0,0,0,0,0,0,0,0,0,0,0,1,0,0,0,0,0,0,0,0,3235977,4680186
D5,73,Union,2010,7300073,"PIZZA MAN","165 SW 4 AVE","LAKE BUTLER",32054,2250141,2,Food,"Routine - Food","Call Back - Complied",9/26/2012,0,0,0,,,,Y,0,0,0,0,0,0,0,0,0,0,0,0,0,0,0,0,0,0,0,0,0,0,0,0,0,0,0,0,0,0,0,0,0,0,0,0,0,0,0,0,0,0,0,0,0,0,0,0,0,0,0,0,0,0,0,0,0,0,5348424,4798578
D5,11,Alachua,2010,1101268,"ARAMARK AT NATIONWIDE","3300 SW WILLISTON RD",GAINESVILLE,32608,2244331,1,Food,"Routine - Food","Inspection Completed - No Further Action",9/27/2012,4,4,8,,,,Y,0,2,0,0,0,0,0,0,0,0,0,0,0,0,0,0,0,0,0,0,0,1,0,1,1,0,0,0,1,0,0,0,0,0,1,1,0,0,0,0,0,0,0,0,0,0,0,0,0,0,0,0,0,0,0,0,0,0,4466285,4739314
D5,11,Alachua,2010,1101921,"DAVIDS REAL PIT BBQ #2","5121 NW 39 AVE A",GAINESVILLE,326065943,2172539,1,Food,"Routine - Food","Inspection Completed - No Further Action",9/27/2012,2,2,4,,,,Y,0,0,1,0,0,0,0,0,0,0,0,0,0,0,0,0,0,0,0,0,1,0,0,1,0,0,0,0,0,0,0,0,0,0,0,0,0,0,0,0,0,0,0,0,0,0,0,0,0,0,0,0,1,0,0,0,0,0,2129361,4636383
D5,11,Alachua,2010,1102685,"HUNGRY HOWIES #205/BUBBA QUE'S 6004","4928 NW 39 AVE",GAINESVILLE,32606,2244123,1,Food,"Routine - Food","Inspection Completed - No Further Action",9/27/2012,4,1,5,,,,Y,1,2,0,0,0,0,0,0,0,0,0,0,0,0,0,0,0,0,0,0,0,0,0,0,0,0,0,0,1,0,0,0,0,0,0,0,0,0,0,0,0,0,0,0,0,0,0,0,0,0,0,0,1,0,0,0,0,0,4325468,4739029
D5,11,Alachua,2010,1102704,"BEEF O BRADYS #22","1999 NW 43 ST",GAINESVILLE,32605,2229053,1,Food,"Routine - Food","Inspection Completed - No Further Action",9/27/2012,2,2,4,,,,Y,0,0,0,0,0,0,0,0,0,0,0,1,0,0,0,0,0,0,0,0,0,0,0,0,1,0,0,0,0,0,1,0,0,0,0,0,0,1,0,0,0,0,0,0,0,0,0,0,0,0,0,0,0,0,0,0,0,0,4206784,4718382
D5,11,Alachua,2010,1102742,"HAILE VILLAGE BISTRO","5323 SW 91 TERR STE A",GAINESVILLE,32608,2111586,2,Food,"Routine - Food","Admin. Complaint Callback Complied",9/27/2012,0,0,0,,,,Y,0,0,0,0,0,0,0,0,0,0,0,0,0,0,0,0,0,0,0,0,0,0,0,0,0,0,0,0,0,0,0,0,0,0,0,0,0,0,0,0,0,0,0,0,0,0,0,0,0,0,0,0,0,0,0,0,0,0,3887390,4809649
D5,11,Alachua,2010,1102742,"HAILE VILLAGE BISTRO","5323 SW 91 TERR STE A",GAINESVILLE,32608,2216537,1,Food,"Routine - Food","Inspection Completed - No Further Action",9/27/2012,5,1,6,,,,Y,0,0,0,0,0,0,0,1,0,0,0,0,0,1,0,0,0,0,0,1,0,1,0,0,0,0,0,0,0,0,1,0,0,0,0,0,0,0,0,0,0,0,0,0,0,0,0,0,0,0,0,0,1,0,0,0,0,0,3887390,4702139
D5,11,Alachua,2010,1103015,"NEW CHINA 88","4217 NW 16 BLVD",GAINESVILLE,32605,2212693,1,Food,"Routine - Food","Inspection Completed - No Further Action",9/27/2012,5,3,8,,,,Y,0,0,1,0,0,0,0,2,0,0,0,1,0,2,0,0,0,0,0,0,0,0,0,0,0,0,0,0,0,0,0,0,0,0,0,0,0,0,0,0,1,1,0,0,0,0,0,0,0,0,0,0,0,0,0,0,0,0,3776777,4697137
D5,11,Alachua,2010,1103176,"RESIDENCE INN GAINESVILLE I-75","3275 SW 40TH BLVD",GAINESVILLE,32608,2215283,1,Food,"Routine - Food","Inspection Completed - No Further Action",9/27/2012,1,1,2,,,,Y,0,0,0,0,0,0,0,1,0,0,0,0,0,0,0,0,0,0,0,0,0,0,0,0,0,0,0,0,0,0,0,0,0,0,0,0,0,0,0,0,0,0,0,0,0,0,0,0,0,0,1,0,0,0,0,0,0,0,3861677,4700579
D5,11,Alachua,2010,1103233,"LIMEROCK ROAD","9158 SW 51 RD J-101&102",GAINESVILLE,32608,2122834,2,Food,"Complaint Full","Admin. Complaint Callback Not Complied",9/27/2012,0,1,1,,,,Y,0,0,0,0,0,0,0,0,0,0,0,0,0,0,0,0,0,0,0,0,0,0,0,0,0,0,0,0,0,0,0,0,0,0,0,0,0,0,0,0,0,0,0,0,0,0,0,0,0,0,0,0,0,0,0,0,0,0,4132147,4809644
D5,11,Alachua,2010,1103233,"LIMEROCK ROAD","9158 SW 51 RD J-101&102",GAINESVILLE,32608,2225878,1,Food,"Routine - Food","Warning Issued",9/27/2012,11,2,13,,,,Y,0,2,1,1,0,0,0,2,0,0,0,1,1,1,0,0,0,0,0,0,0,2,0,0,0,0,1,0,0,0,0,0,0,0,0,0,0,0,0,0,0,0,0,0,0,0,0,0,0,1,0,0,0,0,0,0,0,0,4132147,4714213
D5,11,Alachua,2014,1150144,"ZELLY'S BREAKFAST & BURGERS","2120 SE HAWTHORNE RD",GAINESVILLE,32641,1157639,1,Food,"Routine - Food","Inspection Completed - No Further Action",9/27/2012,0,1,1,,,,Y,0,0,0,0,0,0,0,0,0,0,0,0,0,0,0,0,0,0,0,0,0,0,0,0,0,0,0,0,0,0,0,0,0,0,0,0,0,1,0,0,0,0,0,0,0,0,0,0,0,0,0,0,0,0,0,0,0,0,3645754,4693020
D5,20,Clay,2010,2000674,"LOOP (THE)","550 WELLS RD #1","ORANGE PARK",320732950,2256496,1,Food,"Complaint Partial","Inspection Completed - No Further Action",9/27/2012,0,0,0,,,,Y,0,0,0,0,0,0,0,0,0,0,0,0,0,0,0,0,0,0,0,0,0,0,0,0,0,0,0,0,0,0,0,0,0,0,0,0,0,0,0,0,0,0,0,0,0,0,0,0,0,0,0,0,0,0,0,0,0,0,2150953,4807624
D5,20,Clay,2010,2000932,"WOK N ROLL","1670 WELLS RD STE# 108","ORANGE PARK",32073,2228851,1,Food,"Routine - Food","Inspection Completed - No Further Action",9/27/2012,11,5,16,,,,Y,0,0,1,1,0,1,0,4,0,0,0,0,0,1,0,0,0,1,0,0,0,0,2,0,0,0,0,0,0,0,1,2,0,0,0,0,0,0,0,0,0,0,0,0,0,0,0,0,0,0,1,0,1,0,0,0,0,0,4153179,4718093
D5,20,Clay,2010,2001126,"MILLER'S ORANGE PARK ALE HOUSE","1756 WELLS RD.","ORANGE PARK",32073,2256768,1,Food,"Complaint Partial","Inspection Completed - No Further Action",9/27/2012,0,0,0,,,,Y,0,0,0,0,0,0,0,0,0,0,0,0,0,0,0,0,0,0,0,0,0,0,0,0,0,0,0,0,0,0,0,0,0,0,0,0,0,0,0,0,0,0,0,0,0,0,0,0,0,0,0,0,0,0,0,0,0,0,3145127,4809895
D5,20,Clay,2010,2001256,"MI FIESTA MEXICANA","1177 PARK AVENUE","ORANGE PARK",32073,2237412,2,Food,"Routine - Food","Call Back - Complied",9/27/2012,0,1,1,,,,Y,0,0,0,0,0,0,0,0,0,0,0,0,0,0,0,0,0,0,0,0,0,0,0,0,0,0,0,0,0,0,0,0,0,0,0,0,0,0,0,0,0,0,0,0,0,0,0,0,0,0,0,0,0,0,0,0,0,0,4373138,4781650
D5,22,Columbia,2010,2200091,"HARDEE'S #1501488","279 W DUVAL","LAKE CITY",320553963,2168471,1,Food,"Routine - Food","Inspection Completed - No Further Action",9/27/2012,3,11,14,,,,Y,0,0,0,0,0,0,0,0,0,0,0,0,0,1,1,1,0,0,0,0,1,1,2,1,1,0,0,0,0,0,1,0,0,0,0,2,2,0,0,0,0,0,0,0,0,0,0,0,0,0,0,0,0,0,0,0,0,0,2153156,4629864
D5,22,Columbia,2010,2200513,"SUBWAY DUVAL","683 W DUVAL ST #103","LAKE CITY",32055,2203141,1,Food,"Routine - Food","Inspection Completed - No Further Action",9/27/2012,5,3,8,,,,Y,0,0,1,0,0,0,0,1,0,0,0,0,0,2,0,0,0,0,0,0,0,0,0,0,0,0,0,0,0,0,1,0,0,0,2,0,0,0,0,0,0,1,0,0,0,0,0,0,0,0,0,0,0,0,0,0,0,0,3064470,4684031
D5,22,Columbia,2014,2250036,"COX'S BAR-B-Q PIT","872 S 1 ST","LAKE CITY",32025,1156457,1,Food,"Routine - Food","Administrative complaint recommended",9/27/2012,4,2,6,,,,Y,0,0,0,0,0,0,0,0,0,0,0,1,0,0,0,0,0,1,0,0,0,0,1,0,0,0,0,0,0,0,0,0,0,0,1,0,0,0,0,0,1,0,0,0,0,0,0,0,0,1,0,0,0,0,0,0,0,0,2153529,4629465
D5,26,Duval,2010,2600718,"FLA YACHT CLUB","5210 YACHT CLUB RD",JACKSONVILLE,322108398,2169094,1,Food,"Routine - Food","Inspection Completed - No Further Action",9/27/2012,11,11,22,,,,Y,1,2,1,0,1,0,0,1,0,2,0,1,0,0,0,0,0,1,0,0,0,2,3,0,2,0,0,0,0,1,0,0,0,0,0,1,0,0,0,1,1,0,0,0,0,0,0,0,0,0,1,0,0,0,0,0,0,0,2173976,4631055
D5,26,Duval,2010,2600993,"BURGER KING #5-1958","7725 LEM TURNER RD",JACKSONVILLE,32208,2205505,1,Food,"Routine - Food","Inspection Completed - No Further Action",9/27/2012,5,2,7,,,,Y,0,0,1,0,0,0,0,0,0,0,0,0,0,0,1,0,0,0,0,1,0,2,1,0,0,0,0,0,0,0,1,0,0,0,0,0,0,0,0,0,0,0,0,0,0,0,0,0,0,0,0,0,0,0,0,0,0,0,3447333,4687400
D5,26,Duval,2010,2607002,"STAN'S SANDWICHES","4213 PHILLIPS HWY",JACKSONVILLE,322076729,2179607,1,Food,"Routine - Food","Administrative complaint recommended",9/27/2012,11,2,13,,,,Y,3,0,2,0,0,0,0,1,0,0,0,0,0,1,0,0,1,0,0,0,0,2,0,0,0,0,0,0,0,0,0,0,0,0,0,0,0,0,0,0,0,0,0,0,0,0,0,0,0,1,1,0,1,0,0,0,0,0,2174707,4648265
D5,26,Duval,2010,2607565,"DESERT RIDER SANDWICH SHOP","217 HOGAN ST",JACKSONVILLE,322024201,2170382,1,Food,"Routine - Food","Inspection Completed - No Further Action",9/27/2012,7,3,10,,,,Y,0,1,0,0,0,0,0,1,0,0,0,1,0,0,0,0,0,0,0,0,1,1,1,0,0,0,0,0,0,0,1,0,0,0,1,0,0,0,0,0,0,0,0,0,0,0,0,0,0,0,1,0,1,0,0,0,0,0,2174788,4633234
D5,26,Duval,2010,2608997,"EMERSON MCDONALDS","3143 EMERSON ST",JACKSONVILLE,32207,2244755,1,Food,"Routine - Food","Inspection Completed - No Further Action",9/27/2012,15,2,17,,,,Y,0,0,1,0,2,0,0,2,0,0,0,0,0,0,0,0,0,0,0,0,2,0,0,0,0,0,0,0,0,0,2,3,0,0,1,0,0,0,0,0,1,0,0,0,0,0,0,0,0,0,0,0,3,0,0,0,0,0,5238772,4739913
D5,26,Duval,2010,2611388,"BLUE BOY SANDWICH SHOP INC","5535 FORT CAROLINE RD",JACKSONVILLE,322771748,2187857,1,Food,"Routine - Food","Inspection Completed - No Further Action",9/27/2012,6,0,6,,,,Y,1,0,1,0,0,0,0,1,0,0,0,0,0,0,0,0,0,0,0,0,0,0,0,0,0,0,0,0,0,0,1,0,0,0,2,0,0,0,0,0,0,0,0,0,0,0,0,0,0,0,0,0,0,0,0,0,0,0,2175906,4661446
D5,26,Duval,2010,2611966,"THE DICKERT HOUSE","1804 COPELAND ST",JACKSONVILLE,32204,2170204,1,Food,"Routine - Food","Inspection Completed - No Further Action",9/27/2012,2,0,2,,,,Y,0,0,0,0,1,0,0,0,0,0,0,0,0,0,0,0,1,0,0,0,0,0,0,0,0,0,0,0,0,0,0,0,0,0,0,0,0,0,0,0,0,0,0,0,0,0,0,0,0,0,0,0,0,0,0,0,0,0,2176266,4632944
D5,26,Duval,2010,2612164,"MCDONALD'S #20031","6030 FORT CAROLINE RD",JACKSONVILLE,32225,2252822,2,Food,"Complaint Full","Call Back - Complied",9/27/2012,0,0,0,,,,Y,0,0,0,0,0,0,0,0,0,0,0,0,0,0,0,0,0,0,0,0,0,0,0,0,0,0,0,0,0,0,0,0,0,0,0,0,0,0,0,0,0,0,0,0,0,0,0,0,0,0,0,0,0,0,0,0,0,0,4350472,4773816
D5,26,Duval,2010,2612395,"PABLO CREEK CLUB","5660 SAN PABLO RD S",JACKSONVILLE,32224,2170619,1,Food,"Routine - Food","Inspection Completed - No Further Action",9/27/2012,2,0,2,,,,Y,0,0,0,0,0,0,0,0,0,0,0,0,0,0,0,0,0,0,0,0,0,0,0,0,0,0,0,0,0,0,0,0,0,0,1,0,0,0,0,0,1,0,0,0,0,0,0,0,0,0,0,0,0,0,0,0,0,0,2176684,4633565
D5,26,Duval,2010,2612405,"DOMINOS PIZZA #3162","4468 HENDRICKS AVE",JACKSONVILLE,32207,2256829,1,Food,"Food-Licensing Inspection","Inspection Completed - No Further Action",9/27/2012,7,2,9,,,,Y,0,0,0,0,0,0,0,0,0,0,0,0,0,0,0,0,1,0,0,0,0,1,1,0,0,0,0,0,0,1,0,2,0,0,0,0,0,0,0,0,0,0,0,0,0,0,0,0,0,0,1,0,2,0,0,0,0,0,5444130,4810333
D5,26,Duval,2010,2612583,"CHOW DOWN ALLEY","14775 ST AUGUSTINE RD #3",JACKSONVILLE,32258,2256607,1,Food,"Complaint Full","Inspection Completed - No Further Action",9/27/2012,3,7,10,,,,Y,0,0,1,0,0,0,0,1,0,1,0,0,0,1,1,0,0,0,0,0,0,0,1,1,0,1,0,0,0,0,1,0,0,0,0,0,0,0,0,0,0,0,0,0,0,0,0,0,0,0,1,0,0,0,0,0,0,0,2176871,4808582
